#
# There is insufficient memory for the Java Runtime Environment to continue.
# Native memory allocation (malloc) failed to allocate 1247328 bytes. Error detail: Chunk::new
# Possible reasons:
#   The system is out of physical RAM or swap space
#   This process is running with CompressedOops enabled, and the Java Heap may be blocking the growth of the native heap
# Possible solutions:
#   Reduce memory load on the system
#   Increase physical memory or swap space
#   Check if swap backing store is full
#   Decrease Java heap size (-Xmx/-Xms)
#   Decrease number of Java threads
#   Decrease Java thread stack sizes (-Xss)
#   Set larger code cache with -XX:ReservedCodeCacheSize=
#   JVM is running with Unscaled Compressed Oops mode in which the Java heap is
#     placed in the first 4GB address space. The Java Heap base address is the
#     maximum limit for the native heap growth. Please use -XX:HeapBaseMinAddress
#     to set the Java Heap base and to place the Java Heap above 4GB virtual address.
# This output file may be truncated or incomplete.
#
#  Out of Memory Error (arena.cpp:168), pid=152860, tid=149256
#
# JRE version: OpenJDK Runtime Environment Temurin-21.0.10+7 (21.0.10+7) (build 21.0.10+7-LTS)
# Java VM: OpenJDK 64-Bit Server VM Temurin-21.0.10+7 (21.0.10+7-LTS, mixed mode, sharing, tiered, compressed oops, compressed class ptrs, g1 gc, windows-amd64)
# No core dump will be written. Minidumps are not enabled by default on client versions of Windows
#

---------------  S U M M A R Y ------------

Command Line: --add-opens=java.base/java.util=ALL-UNNAMED --add-opens=java.base/java.lang=ALL-UNNAMED --add-opens=java.base/java.lang.invoke=ALL-UNNAMED --add-opens=java.prefs/java.util.prefs=ALL-UNNAMED --add-opens=java.base/java.nio.charset=ALL-UNNAMED --add-opens=java.base/java.net=ALL-UNNAMED --add-opens=java.base/java.util.concurrent.atomic=ALL-UNNAMED -XX:MaxMetaspaceSize=384m -XX:+HeapDumpOnOutOfMemoryError -Xms256m -Xmx512m -Dfile.encoding=UTF-8 -Duser.country=US -Duser.language=en -Duser.variant -javaagent:C:\Users\super\.gradle\wrapper\dists\gradle-8.1.1-bin\9wiye5v2saajue4irfo8ybqfp\gradle-8.1.1\lib\agents\gradle-instrumentation-agent-8.1.1.jar org.gradle.launcher.daemon.bootstrap.GradleDaemon 8.1.1

Host: Intel(R) Core(TM) i5-9400F CPU @ 2.90GHz, 6 cores, 15G,  Windows 10 , 64 bit Build 19041 (10.0.19041.6807)
Time: Thu Mar 19 23:08:03 2026 Eastern Daylight Time elapsed time: 24.987762 seconds (0d 0h 0m 24s)

---------------  T H R E A D  ---------------

Current thread (0x000002211f69dda0):  JavaThread "C2 CompilerThread0" daemon [_thread_in_native, id=149256, stack(0x000000f237b00000,0x000000f237c00000) (1024K)]


Current CompileTask:
C2:24987 12644       4       java.lang.invoke.MethodType::makeImpl (109 bytes)

Stack: [0x000000f237b00000,0x000000f237c00000]
Native frames: (J=compiled Java code, j=interpreted, Vv=VM code, C=native code)
V  [jvm.dll+0x6d7a39]
V  [jvm.dll+0x8b4b26]
V  [jvm.dll+0x8b70de]
V  [jvm.dll+0x8b77c3]
V  [jvm.dll+0x284346]
V  [jvm.dll+0xc66ed]
V  [jvm.dll+0xc6c31]
V  [jvm.dll+0x3bec3b]
V  [jvm.dll+0x1e3d62]
V  [jvm.dll+0x24c6b3]
V  [jvm.dll+0x24bb40]
V  [jvm.dll+0x1cb34e]
V  [jvm.dll+0x25b85d]
V  [jvm.dll+0x259dea]
V  [jvm.dll+0x3f857e]
V  [jvm.dll+0x85f59d]
V  [jvm.dll+0x6d626d]
C  [ucrtbase.dll+0x21bb2]
C  [KERNEL32.DLL+0x17374]
C  [ntdll.dll+0x4cc91]


---------------  P R O C E S S  ---------------

Threads class SMR info:
_java_thread_list=0x000002211f8afcd0, length=101, elements={
0x0000022104c1a600, 0x000002211f683df0, 0x000002211f684a50, 0x000002211f688b10,
0x000002211f689c00, 0x000002211f68fc50, 0x000002211f6902e0, 0x000002211f69dda0,
0x000002211f69efe0, 0x000002211f68db80, 0x000002211f68e210, 0x000002211f68d4f0,
0x000002211f68e8a0, 0x000002211f68ef30, 0x000002213aa154e0, 0x000002213aa147c0,
0x000002213aa15b70, 0x000002213aa16200, 0x000002213aa16f20, 0x000002213aa12060,
0x000002213aa14130, 0x000002213aa16890, 0x000002213aa175b0, 0x000002213aa13aa0,
0x000002213aa17c40, 0x000002213aa182d0, 0x000002213aa12d80, 0x000002213aa18ff0,
0x000002213aa19680, 0x000002213aa126f0, 0x000002213aa13410, 0x000002213abdd0d0,
0x000002213abd6e60, 0x000002213abd9c50, 0x000002213abd95c0, 0x000002213abd88a0,
0x000002213abda970, 0x000002213abd74f0, 0x000002213abdb690, 0x000002213abdb000,
0x000002213abdbd20, 0x000002213abd8f30, 0x000002213abd7b80, 0x000002213abdc3b0,
0x000002213abd8210, 0x000002213d470df0, 0x000002213d470760, 0x000002213d471b10,
0x000002213d46d2e0, 0x000002213d474270, 0x000002213d471480, 0x000002213d46f3b0,
0x000002213d4700d0, 0x000002213d46e690, 0x000002213d4721a0, 0x000002213d894460,
0x000002213d893dd0, 0x000002213d894af0, 0x000002213d896530, 0x000002213d895ea0,
0x000002213d8930b0, 0x000002213d890fe0, 0x000002213d893740, 0x000002213d8978e0,
0x000002213d895180, 0x000002213d895810, 0x000002213d891670, 0x000002213d896bc0,
0x000002213d897250, 0x000002213d891d00, 0x000002213d892390, 0x000002213d892a20,
0x000002213c0aafb0, 0x000002213c0aa920, 0x000002213c0abcd0, 0x000002213c0a8850,
0x000002213c0a8ee0, 0x000002213c0a6e10, 0x000002213c0aa290, 0x000002213c0a9570,
0x000002213c0a9c00, 0x000002213c0ac360, 0x000002213c0ab640, 0x000002213c0a53d0,
0x000002213c0ac9f0, 0x000002213c0a5a60, 0x000002213c0a60f0, 0x000002213c0a81c0,
0x000002213d566ce0, 0x000002213d565fc0, 0x000002213d564c10, 0x000002213d565930,
0x000002213d566650, 0x000002213d567370, 0x000002213d5652a0, 0x000002213d567a00,
0x000002213d568090, 0x000002213d922d80, 0x000002213d920cb0, 0x000002213d9219d0,
0x000002213d921340
}

Java Threads: ( => current thread )
  0x0000022104c1a600 JavaThread "main"                              [_thread_blocked, id=148272, stack(0x000000f236d00000,0x000000f236e00000) (1024K)]
  0x000002211f683df0 JavaThread "Reference Handler"          daemon [_thread_blocked, id=151348, stack(0x000000f237500000,0x000000f237600000) (1024K)]
  0x000002211f684a50 JavaThread "Finalizer"                  daemon [_thread_blocked, id=153248, stack(0x000000f237600000,0x000000f237700000) (1024K)]
  0x000002211f688b10 JavaThread "Signal Dispatcher"          daemon [_thread_blocked, id=147184, stack(0x000000f237700000,0x000000f237800000) (1024K)]
  0x000002211f689c00 JavaThread "Attach Listener"            daemon [_thread_blocked, id=152500, stack(0x000000f237800000,0x000000f237900000) (1024K)]
  0x000002211f68fc50 JavaThread "Service Thread"             daemon [_thread_blocked, id=151300, stack(0x000000f237900000,0x000000f237a00000) (1024K)]
  0x000002211f6902e0 JavaThread "Monitor Deflation Thread"   daemon [_thread_blocked, id=155076, stack(0x000000f237a00000,0x000000f237b00000) (1024K)]
=>0x000002211f69dda0 JavaThread "C2 CompilerThread0"         daemon [_thread_in_native, id=149256, stack(0x000000f237b00000,0x000000f237c00000) (1024K)]
  0x000002211f69efe0 JavaThread "C1 CompilerThread0"         daemon [_thread_blocked, id=154440, stack(0x000000f237c00000,0x000000f237d00000) (1024K)]
  0x000002211f68db80 JavaThread "Common-Cleaner"             daemon [_thread_blocked, id=154276, stack(0x000000f237d00000,0x000000f237e00000) (1024K)]
  0x000002211f68e210 JavaThread "Notification Thread"        daemon [_thread_blocked, id=153520, stack(0x000000f237e00000,0x000000f237f00000) (1024K)]
  0x000002211f68d4f0 JavaThread "Daemon health stats"               [_thread_blocked, id=151960, stack(0x000000f238500000,0x000000f238600000) (1024K)]
  0x000002211f68e8a0 JavaThread "Incoming local TCP Connector on port 58586"        [_thread_in_native, id=155380, stack(0x000000f238600000,0x000000f238700000) (1024K)]
  0x000002211f68ef30 JavaThread "Daemon periodic checks"            [_thread_blocked, id=154768, stack(0x000000f238700000,0x000000f238800000) (1024K)]
  0x000002213aa154e0 JavaThread "Daemon"                            [_thread_blocked, id=153588, stack(0x000000f238800000,0x000000f238900000) (1024K)]
  0x000002213aa147c0 JavaThread "Handler for socket connection from /127.0.0.1:58586 to /127.0.0.1:58587"        [_thread_in_native, id=148076, stack(0x000000f238900000,0x000000f238a00000) (1024K)]
  0x000002213aa15b70 JavaThread "Cancel handler"                    [_thread_blocked, id=153292, stack(0x000000f238a00000,0x000000f238b00000) (1024K)]
  0x000002213aa16200 JavaThread "Daemon worker"                     [_thread_blocked, id=155180, stack(0x000000f238b00000,0x000000f238c00000) (1024K)]
  0x000002213aa16f20 JavaThread "Asynchronous log dispatcher for DefaultDaemonConnection: socket connection from /127.0.0.1:58586 to /127.0.0.1:58587"        [_thread_blocked, id=154852, stack(0x000000f238c00000,0x000000f238d00000) (1024K)]
  0x000002213aa12060 JavaThread "Stdin handler"                     [_thread_blocked, id=155396, stack(0x000000f238d00000,0x000000f238e00000) (1024K)]
  0x000002213aa14130 JavaThread "Daemon client event forwarder"        [_thread_blocked, id=150408, stack(0x000000f238e00000,0x000000f238f00000) (1024K)]
  0x000002213aa16890 JavaThread "Cache worker for journal cache (C:\Users\super\.gradle\caches\journal-1)"        [_thread_blocked, id=154744, stack(0x000000f238f00000,0x000000f239000000) (1024K)]
  0x000002213aa175b0 JavaThread "File lock request listener"        [_thread_in_native, id=154024, stack(0x000000f239000000,0x000000f239100000) (1024K)]
  0x000002213aa13aa0 JavaThread "Cache worker for file hash cache (C:\Users\super\.gradle\caches\8.1.1\fileHashes)"        [_thread_blocked, id=145268, stack(0x000000f239100000,0x000000f239200000) (1024K)]
  0x000002213aa17c40 JavaThread "File watcher server"        daemon [_thread_in_native, id=152736, stack(0x000000f239200000,0x000000f239300000) (1024K)]
  0x000002213aa182d0 JavaThread "File watcher consumer"      daemon [_thread_blocked, id=147420, stack(0x000000f239300000,0x000000f239400000) (1024K)]
  0x000002213aa12d80 JavaThread "Cache worker for checksums cache (D:\CodingProjects\OSRSRSPS\server\.gradle\8.1.1\checksums)"        [_thread_blocked, id=143656, stack(0x000000f239500000,0x000000f239600000) (1024K)]
  0x000002213aa18ff0 JavaThread "Cache worker for cache directory md-rule (C:\Users\super\.gradle\caches\8.1.1\md-rule)"        [_thread_blocked, id=137228, stack(0x000000f239600000,0x000000f239700000) (1024K)]
  0x000002213aa19680 JavaThread "Cache worker for file content cache (C:\Users\super\.gradle\caches\8.1.1\fileContent)"        [_thread_blocked, id=155200, stack(0x000000f239700000,0x000000f239800000) (1024K)]
  0x000002213aa126f0 JavaThread "Cache worker for file hash cache (D:\CodingProjects\OSRSRSPS\server\.gradle\8.1.1\fileHashes)"        [_thread_blocked, id=151512, stack(0x000000f239800000,0x000000f239900000) (1024K)]
  0x000002213aa13410 JavaThread "Cache worker for cache directory md-supplier (C:\Users\super\.gradle\caches\8.1.1\md-supplier)"        [_thread_blocked, id=154872, stack(0x000000f239900000,0x000000f239a00000) (1024K)]
  0x000002213abdd0d0 JavaThread "Cache worker for execution history cache (C:\Users\super\.gradle\caches\8.1.1\executionHistory)"        [_thread_blocked, id=153964, stack(0x000000f239a00000,0x000000f239b00000) (1024K)]
  0x000002213abd6e60 JavaThread "File lock release action executor"        [_thread_blocked, id=147496, stack(0x000000f239b00000,0x000000f239c00000) (1024K)]
  0x000002213abd9c50 JavaThread "Cache worker for kotlin-dsl (C:\Users\super\.gradle\caches\8.1.1\kotlin-dsl)"        [_thread_blocked, id=128240, stack(0x000000f239c00000,0x000000f239d00000) (1024K)]
  0x000002213abd95c0 JavaThread "jar transforms"                    [_thread_blocked, id=154312, stack(0x000000f239d00000,0x000000f239e00000) (1024K)]
  0x000002213abd88a0 JavaThread "jar transforms Thread 2"           [_thread_blocked, id=155456, stack(0x000000f239e00000,0x000000f239f00000) (1024K)]
  0x000002213abda970 JavaThread "Unconstrained build operations"        [_thread_blocked, id=151568, stack(0x000000f239f00000,0x000000f23a000000) (1024K)]
  0x000002213abd74f0 JavaThread "Unconstrained build operations Thread 2"        [_thread_blocked, id=147616, stack(0x000000f23a000000,0x000000f23a100000) (1024K)]
  0x000002213abdb690 JavaThread "Unconstrained build operations Thread 3"        [_thread_blocked, id=4652, stack(0x000000f23a100000,0x000000f23a200000) (1024K)]
  0x000002213abdb000 JavaThread "Unconstrained build operations Thread 4"        [_thread_blocked, id=155608, stack(0x000000f23a200000,0x000000f23a300000) (1024K)]
  0x000002213abdbd20 JavaThread "Unconstrained build operations Thread 5"        [_thread_blocked, id=148308, stack(0x000000f23a300000,0x000000f23a400000) (1024K)]
  0x000002213abd8f30 JavaThread "jar transforms Thread 3"           [_thread_blocked, id=151480, stack(0x000000f23a400000,0x000000f23a500000) (1024K)]
  0x000002213abd7b80 JavaThread "jar transforms Thread 4"           [_thread_blocked, id=146448, stack(0x000000f23a500000,0x000000f23a600000) (1024K)]
  0x000002213abdc3b0 JavaThread "jar transforms Thread 5"           [_thread_blocked, id=155292, stack(0x000000f23a600000,0x000000f23a700000) (1024K)]
  0x000002213abd8210 JavaThread "jar transforms Thread 6"           [_thread_blocked, id=148688, stack(0x000000f23a700000,0x000000f23a800000) (1024K)]
  0x000002213d470df0 JavaThread "Cache worker for dependencies-accessors (D:\CodingProjects\OSRSRSPS\server\.gradle\8.1.1\dependencies-accessors)"        [_thread_blocked, id=143544, stack(0x000000f23a800000,0x000000f23a900000) (1024K)]
  0x000002213d470760 JavaThread "Cache worker for Build Output Cleanup Cache (D:\CodingProjects\OSRSRSPS\server\.gradle\buildOutputCleanup)"        [_thread_blocked, id=154708, stack(0x000000f23a900000,0x000000f23aa00000) (1024K)]
  0x000002213d471b10 JavaThread "Unconstrained build operations Thread 6"        [_thread_blocked, id=151724, stack(0x000000f23aa00000,0x000000f23ab00000) (1024K)]
  0x000002213d46d2e0 JavaThread "Unconstrained build operations Thread 7"        [_thread_blocked, id=154976, stack(0x000000f23ab00000,0x000000f23ac00000) (1024K)]
  0x000002213d474270 JavaThread "Unconstrained build operations Thread 8"        [_thread_blocked, id=154556, stack(0x000000f23ac00000,0x000000f23ad00000) (1024K)]
  0x000002213d471480 JavaThread "Unconstrained build operations Thread 9"        [_thread_blocked, id=151316, stack(0x000000f23ad00000,0x000000f23ae00000) (1024K)]
  0x000002213d46f3b0 JavaThread "Unconstrained build operations Thread 10"        [_thread_blocked, id=145884, stack(0x000000f23ae00000,0x000000f23af00000) (1024K)]
  0x000002213d4700d0 JavaThread "build event listener"              [_thread_blocked, id=119540, stack(0x000000f23af00000,0x000000f23b000000) (1024K)]
  0x000002213d46e690 JavaThread "Memory manager"                    [_thread_blocked, id=137260, stack(0x000000f23b000000,0x000000f23b100000) (1024K)]
  0x000002213d4721a0 JavaThread "ForkJoinPool.commonPool-worker-1" daemon [_thread_blocked, id=154132, stack(0x000000f23b100000,0x000000f23b200000) (1024K)]
  0x000002213d894460 JavaThread "ForkJoinPool.commonPool-worker-2" daemon [_thread_blocked, id=153892, stack(0x000000f23b200000,0x000000f23b300000) (1024K)]
  0x000002213d893dd0 JavaThread "ForkJoinPool.commonPool-worker-3" daemon [_thread_blocked, id=155364, stack(0x000000f23b300000,0x000000f23b400000) (1024K)]
  0x000002213d894af0 JavaThread "ForkJoinPool.commonPool-worker-4" daemon [_thread_blocked, id=144856, stack(0x000000f23b400000,0x000000f23b500000) (1024K)]
  0x000002213d896530 JavaThread "ForkJoinPool.commonPool-worker-5" daemon [_thread_blocked, id=152692, stack(0x000000f23b500000,0x000000f23b600000) (1024K)]
  0x000002213d895ea0 JavaThread "Exec process"                      [_thread_blocked, id=146244, stack(0x000000f23b600000,0x000000f23b700000) (1024K)]
  0x000002213d8930b0 JavaThread "Exec process Thread 2"             [_thread_blocked, id=155212, stack(0x000000f23b700000,0x000000f23b800000) (1024K)]
  0x000002213d890fe0 JavaThread "Exec process Thread 3"             [_thread_blocked, id=154816, stack(0x000000f23b800000,0x000000f23b900000) (1024K)]
  0x000002213d893740 JavaThread "included builds"                   [_thread_in_native, id=155128, stack(0x000000f23b900000,0x000000f23ba00000) (1024K)]
  0x000002213d8978e0 JavaThread "Execution worker"                  [_thread_blocked, id=152560, stack(0x000000f23ba00000,0x000000f23bb00000) (1024K)]
  0x000002213d895180 JavaThread "Execution worker Thread 2"         [_thread_blocked, id=155132, stack(0x000000f23bb00000,0x000000f23bc00000) (1024K)]
  0x000002213d895810 JavaThread "Execution worker Thread 3"         [_thread_blocked, id=155520, stack(0x000000f23bc00000,0x000000f23bd00000) (1024K)]
  0x000002213d891670 JavaThread "Execution worker Thread 4"         [_thread_blocked, id=154720, stack(0x000000f23bd00000,0x000000f23be00000) (1024K)]
  0x000002213d896bc0 JavaThread "Execution worker Thread 5"         [_thread_blocked, id=155276, stack(0x000000f23be00000,0x000000f23bf00000) (1024K)]
  0x000002213d897250 JavaThread "Cache worker for execution history cache (D:\CodingProjects\OSRSRSPS\server\.gradle\8.1.1\executionHistory)"        [_thread_blocked, id=149040, stack(0x000000f23bf00000,0x000000f23c000000) (1024K)]
  0x000002213d891d00 JavaThread "Unconstrained build operations Thread 11"        [_thread_blocked, id=154840, stack(0x000000f23c000000,0x000000f23c100000) (1024K)]
  0x000002213d892390 JavaThread "Unconstrained build operations Thread 12"        [_thread_blocked, id=152896, stack(0x000000f23c100000,0x000000f23c200000) (1024K)]
  0x000002213d892a20 JavaThread "Unconstrained build operations Thread 13"        [_thread_blocked, id=155568, stack(0x000000f23c200000,0x000000f23c300000) (1024K)]
  0x000002213c0aafb0 JavaThread "Unconstrained build operations Thread 14"        [_thread_blocked, id=155172, stack(0x000000f23c300000,0x000000f23c400000) (1024K)]
  0x000002213c0aa920 JavaThread "Unconstrained build operations Thread 15"        [_thread_blocked, id=148612, stack(0x000000f23c400000,0x000000f23c500000) (1024K)]
  0x000002213c0abcd0 JavaThread "Unconstrained build operations Thread 16"        [_thread_blocked, id=152600, stack(0x000000f23c500000,0x000000f23c600000) (1024K)]
  0x000002213c0a8850 JavaThread "Unconstrained build operations Thread 17"        [_thread_blocked, id=153304, stack(0x000000f23c600000,0x000000f23c700000) (1024K)]
  0x000002213c0a8ee0 JavaThread "Unconstrained build operations Thread 18"        [_thread_blocked, id=154932, stack(0x000000f23c700000,0x000000f23c800000) (1024K)]
  0x000002213c0a6e10 JavaThread "Unconstrained build operations Thread 19"        [_thread_blocked, id=142988, stack(0x000000f23c800000,0x000000f23c900000) (1024K)]
  0x000002213c0aa290 JavaThread "Unconstrained build operations Thread 20"        [_thread_blocked, id=154344, stack(0x000000f23c900000,0x000000f23ca00000) (1024K)]
  0x000002213c0a9570 JavaThread "Unconstrained build operations Thread 21"        [_thread_blocked, id=147052, stack(0x000000f23ca00000,0x000000f23cb00000) (1024K)]
  0x000002213c0a9c00 JavaThread "Unconstrained build operations Thread 22"        [_thread_blocked, id=145824, stack(0x000000f23cb00000,0x000000f23cc00000) (1024K)]
  0x000002213c0ac360 JavaThread "Unconstrained build operations Thread 23"        [_thread_blocked, id=134808, stack(0x000000f23cc00000,0x000000f23cd00000) (1024K)]
  0x000002213c0ab640 JavaThread "Unconstrained build operations Thread 24"        [_thread_blocked, id=150524, stack(0x000000f23cd00000,0x000000f23ce00000) (1024K)]
  0x000002213c0a53d0 JavaThread "Unconstrained build operations Thread 25"        [_thread_blocked, id=155040, stack(0x000000f23ce00000,0x000000f23cf00000) (1024K)]
  0x000002213c0ac9f0 JavaThread "Unconstrained build operations Thread 26"        [_thread_blocked, id=155984, stack(0x000000f237f00000,0x000000f238000000) (1024K)]
  0x000002213c0a5a60 JavaThread "Unconstrained build operations Thread 27"        [_thread_blocked, id=155988, stack(0x000000f23cf00000,0x000000f23d000000) (1024K)]
  0x000002213c0a60f0 JavaThread "Unconstrained build operations Thread 28"        [_thread_blocked, id=155992, stack(0x000000f23d000000,0x000000f23d100000) (1024K)]
  0x000002213c0a81c0 JavaThread "WorkerExecutor Queue"              [_thread_blocked, id=156360, stack(0x000000f23d200000,0x000000f23d300000) (1024K)]
  0x000002213d566ce0 JavaThread "RMI Scheduler(0)"           daemon [_thread_blocked, id=156612, stack(0x000000f23d300000,0x000000f23d400000) (1024K)]
  0x000002213d565fc0 JavaThread "RMI RenewClean-[127.0.0.1:17149,org.jetbrains.kotlin.daemon.common.LoopbackNetworkInterface$ClientLoopbackSocketFactory@17159b45]" daemon [_thread_blocked, id=156616, stack(0x000000f23d400000,0x000000f23d500000) (1024K)]
  0x000002213d564c10 JavaThread "RMI GC Daemon"              daemon [_thread_blocked, id=156596, stack(0x000000f23d500000,0x000000f23d600000) (1024K)]
  0x000002213d565930 JavaThread "RMI TCP Accept-0"           daemon [_thread_in_native, id=156552, stack(0x000000f23d600000,0x000000f23d700000) (1024K)]
  0x000002213d566650 JavaThread "RMI Reaper"                        [_thread_blocked, id=156560, stack(0x000000f23d700000,0x000000f23d800000) (1024K)]
  0x000002213d567370 JavaThread "RMI TCP Connection(1)-127.0.0.1" daemon [_thread_in_native, id=156516, stack(0x000000f23d800000,0x000000f23d900000) (1024K)]
  0x000002213d5652a0 JavaThread "Cache worker for Java compile cache (C:\Users\super\.gradle\caches\8.1.1\javaCompile)"        [_thread_blocked, id=154948, stack(0x000000f23d900000,0x000000f23da00000) (1024K)]
  0x000002213d567a00 JavaThread "Build operations"                  [_thread_blocked, id=155796, stack(0x000000f23da00000,0x000000f23db00000) (1024K)]
  0x000002213d568090 JavaThread "Build operations Thread 2"         [_thread_blocked, id=152376, stack(0x000000f23db00000,0x000000f23dc00000) (1024K)]
  0x000002213d922d80 JavaThread "Build operations Thread 3"         [_thread_blocked, id=153208, stack(0x000000f23dc00000,0x000000f23dd00000) (1024K)]
  0x000002213d920cb0 JavaThread "Build operations Thread 4"         [_thread_blocked, id=155976, stack(0x000000f23dd00000,0x000000f23de00000) (1024K)]
  0x000002213d9219d0 JavaThread "Build operations Thread 5"         [_thread_blocked, id=155668, stack(0x000000f23de00000,0x000000f23df00000) (1024K)]
  0x000002213d921340 JavaThread "Exec process Thread 4"             [_thread_blocked, id=65952, stack(0x000000f23e000000,0x000000f23e100000) (1024K)]
Total: 101

Other Threads:
  0x000002211f66e5b0 VMThread "VM Thread"                           [id=154224, stack(0x000000f237400000,0x000000f237500000) (1024K)]
  0x000002211f65af10 WatcherThread "VM Periodic Task Thread"        [id=154952, stack(0x000000f237300000,0x000000f237400000) (1024K)]
  0x0000022104c437e0 WorkerThread "GC Thread#0"                     [id=154868, stack(0x000000f236e00000,0x000000f236f00000) (1024K)]
  0x00000221398a7890 WorkerThread "GC Thread#1"                     [id=151440, stack(0x000000f238000000,0x000000f238100000) (1024K)]
  0x00000221398a7c40 WorkerThread "GC Thread#2"                     [id=148744, stack(0x000000f238100000,0x000000f238200000) (1024K)]
  0x0000022139a47df0 WorkerThread "GC Thread#3"                     [id=154452, stack(0x000000f238200000,0x000000f238300000) (1024K)]
  0x0000022139a481a0 WorkerThread "GC Thread#4"                     [id=149552, stack(0x000000f238300000,0x000000f238400000) (1024K)]
  0x0000022139651360 WorkerThread "GC Thread#5"                     [id=150868, stack(0x000000f238400000,0x000000f238500000) (1024K)]
  0x0000022104c486e0 ConcurrentGCThread "G1 Main Marker"            [id=152556, stack(0x000000f236f00000,0x000000f237000000) (1024K)]
  0x0000022104c4a110 WorkerThread "G1 Conc#0"                       [id=153888, stack(0x000000f237000000,0x000000f237100000) (1024K)]
  0x000002213b90a0f0 WorkerThread "G1 Conc#1"                       [id=153948, stack(0x000000f239400000,0x000000f239500000) (1024K)]
  0x000002211f52d190 ConcurrentGCThread "G1 Refine#0"               [id=151136, stack(0x000000f237100000,0x000000f237200000) (1024K)]
  0x000002211f52dc20 ConcurrentGCThread "G1 Service"                [id=140760, stack(0x000000f237200000,0x000000f237300000) (1024K)]
Total: 13

Threads with active compile tasks:
C2 CompilerThread0  25021 12644       4       java.lang.invoke.MethodType::makeImpl (109 bytes)
Total: 1

VM state: not at safepoint (normal execution)

VM Mutex/Monitor currently owned by a thread: None

Heap address: 0x00000000e0000000, size: 512 MB, Compressed Oops mode: 32-bit

CDS archive(s) mapped at: [0x0000022120000000-0x0000022120c80000-0x0000022120c80000), size 13107200, SharedBaseAddress: 0x0000022120000000, ArchiveRelocationMode: 1.
Compressed class space mapped at: 0x0000022121000000-0x0000022135000000, reserved size: 335544320
Narrow klass base: 0x0000022120000000, Narrow klass shift: 0, Narrow klass range: 0x100000000

GC Precious Log:
 CardTable entry size: 512
 Card Set container configuration: InlinePtr #cards 5 size 8 Array Of Cards #cards 12 size 40 Howl #buckets 4 coarsen threshold 1843 Howl Bitmap #cards 512 size 80 coarsen threshold 460 Card regions per heap region 1 cards per card region 2048
 CPUs: 6 total, 6 available
 Memory: 16245M
 Large Page Support: Disabled
 NUMA Support: Disabled
 Compressed Oops: Enabled (32-bit)
 Heap Region Size: 1M
 Heap Min Capacity: 256M
 Heap Initial Capacity: 256M
 Heap Max Capacity: 512M
 Pre-touch: Disabled
 Parallel Workers: 6
 Concurrent Workers: 2
 Concurrent Refinement Workers: 6
 Periodic GC: Disabled

Heap:
 garbage-first heap   total 262144K, used 183111K [0x00000000e0000000, 0x0000000100000000)
  region size 1024K, 112 young (114688K), 20 survivors (20480K)
 Metaspace       used 81218K, committed 83456K, reserved 458752K
  class space    used 11629K, committed 12736K, reserved 327680K

Heap Regions: E=young(eden), S=young(survivor), O=old, HS=humongous(starts), HC=humongous(continues), CS=collection set, F=free, TAMS=top-at-mark-start, PB=parsable bottom
|   0|0x00000000e0000000, 0x00000000e0100000, 0x00000000e0100000|100%|HS|  |TAMS 0x00000000e0000000| PB 0x00000000e0000000| Complete 
|   1|0x00000000e0100000, 0x00000000e0200000, 0x00000000e0200000|100%|HC|  |TAMS 0x00000000e0100000| PB 0x00000000e0100000| Complete 
|   2|0x00000000e0200000, 0x00000000e0300000, 0x00000000e0300000|100%|HC|  |TAMS 0x00000000e0200000| PB 0x00000000e0200000| Complete 
|   3|0x00000000e0300000, 0x00000000e0400000, 0x00000000e0400000|100%|HC|  |TAMS 0x00000000e0300000| PB 0x00000000e0300000| Complete 
|   4|0x00000000e0400000, 0x00000000e0500000, 0x00000000e0500000|100%| O|  |TAMS 0x00000000e0400000| PB 0x00000000e0400000| Untracked 
|   5|0x00000000e0500000, 0x00000000e0600000, 0x00000000e0600000|100%| O|  |TAMS 0x00000000e0500000| PB 0x00000000e0500000| Untracked 
|   6|0x00000000e0600000, 0x00000000e0700000, 0x00000000e0700000|100%| O|  |TAMS 0x00000000e0600000| PB 0x00000000e0600000| Untracked 
|   7|0x00000000e0700000, 0x00000000e0800000, 0x00000000e0800000|100%| O|  |TAMS 0x00000000e0700000| PB 0x00000000e0700000| Untracked 
|   8|0x00000000e0800000, 0x00000000e0900000, 0x00000000e0900000|100%| O|  |TAMS 0x00000000e0800000| PB 0x00000000e0800000| Untracked 
|   9|0x00000000e0900000, 0x00000000e0a00000, 0x00000000e0a00000|100%| O|  |TAMS 0x00000000e0900000| PB 0x00000000e0900000| Untracked 
|  10|0x00000000e0a00000, 0x00000000e0b00000, 0x00000000e0b00000|100%| O|  |TAMS 0x00000000e0a00000| PB 0x00000000e0a00000| Untracked 
|  11|0x00000000e0b00000, 0x00000000e0c00000, 0x00000000e0c00000|100%| O|  |TAMS 0x00000000e0b00000| PB 0x00000000e0b00000| Untracked 
|  12|0x00000000e0c00000, 0x00000000e0d00000, 0x00000000e0d00000|100%| O|  |TAMS 0x00000000e0c00000| PB 0x00000000e0c00000| Untracked 
|  13|0x00000000e0d00000, 0x00000000e0e00000, 0x00000000e0e00000|100%| O|  |TAMS 0x00000000e0d00000| PB 0x00000000e0d00000| Untracked 
|  14|0x00000000e0e00000, 0x00000000e0f00000, 0x00000000e0f00000|100%| O|  |TAMS 0x00000000e0e00000| PB 0x00000000e0e00000| Untracked 
|  15|0x00000000e0f00000, 0x00000000e1000000, 0x00000000e1000000|100%| O|  |TAMS 0x00000000e0f00000| PB 0x00000000e0f00000| Untracked 
|  16|0x00000000e1000000, 0x00000000e1100000, 0x00000000e1100000|100%| O|  |TAMS 0x00000000e1000000| PB 0x00000000e1000000| Untracked 
|  17|0x00000000e1100000, 0x00000000e1200000, 0x00000000e1200000|100%| O|  |TAMS 0x00000000e1100000| PB 0x00000000e1100000| Untracked 
|  18|0x00000000e1200000, 0x00000000e1300000, 0x00000000e1300000|100%| O|  |TAMS 0x00000000e1200000| PB 0x00000000e1200000| Untracked 
|  19|0x00000000e1300000, 0x00000000e1400000, 0x00000000e1400000|100%| O|  |TAMS 0x00000000e1300000| PB 0x00000000e1300000| Untracked 
|  20|0x00000000e1400000, 0x00000000e1500000, 0x00000000e1500000|100%| O|  |TAMS 0x00000000e1400000| PB 0x00000000e1400000| Untracked 
|  21|0x00000000e1500000, 0x00000000e1600000, 0x00000000e1600000|100%| O|  |TAMS 0x00000000e1500000| PB 0x00000000e1500000| Untracked 
|  22|0x00000000e1600000, 0x00000000e1700000, 0x00000000e1700000|100%| O|  |TAMS 0x00000000e1600000| PB 0x00000000e1600000| Untracked 
|  23|0x00000000e1700000, 0x00000000e1800000, 0x00000000e1800000|100%|HS|  |TAMS 0x00000000e1700000| PB 0x00000000e1700000| Complete 
|  24|0x00000000e1800000, 0x00000000e1900000, 0x00000000e1900000|100%|HC|  |TAMS 0x00000000e1800000| PB 0x00000000e1800000| Complete 
|  25|0x00000000e1900000, 0x00000000e1a00000, 0x00000000e1a00000|100%|HS|  |TAMS 0x00000000e1900000| PB 0x00000000e1900000| Complete 
|  26|0x00000000e1a00000, 0x00000000e1b00000, 0x00000000e1b00000|100%|HC|  |TAMS 0x00000000e1a00000| PB 0x00000000e1a00000| Complete 
|  27|0x00000000e1b00000, 0x00000000e1c00000, 0x00000000e1c00000|100%|HS|  |TAMS 0x00000000e1b00000| PB 0x00000000e1b00000| Complete 
|  28|0x00000000e1c00000, 0x00000000e1d00000, 0x00000000e1d00000|100%|HC|  |TAMS 0x00000000e1c00000| PB 0x00000000e1c00000| Complete 
|  29|0x00000000e1d00000, 0x00000000e1e00000, 0x00000000e1e00000|100%|HC|  |TAMS 0x00000000e1d00000| PB 0x00000000e1d00000| Complete 
|  30|0x00000000e1e00000, 0x00000000e1f00000, 0x00000000e1f00000|100%|HC|  |TAMS 0x00000000e1e00000| PB 0x00000000e1e00000| Complete 
|  31|0x00000000e1f00000, 0x00000000e2000000, 0x00000000e2000000|100%|HS|  |TAMS 0x00000000e1f00000| PB 0x00000000e1f00000| Complete 
|  32|0x00000000e2000000, 0x00000000e2100000, 0x00000000e2100000|100%|HC|  |TAMS 0x00000000e2000000| PB 0x00000000e2000000| Complete 
|  33|0x00000000e2100000, 0x00000000e2200000, 0x00000000e2200000|100%|HC|  |TAMS 0x00000000e2100000| PB 0x00000000e2100000| Complete 
|  34|0x00000000e2200000, 0x00000000e2300000, 0x00000000e2300000|100%|HC|  |TAMS 0x00000000e2200000| PB 0x00000000e2200000| Complete 
|  35|0x00000000e2300000, 0x00000000e2400000, 0x00000000e2400000|100%| O|  |TAMS 0x00000000e2300000| PB 0x00000000e2300000| Untracked 
|  36|0x00000000e2400000, 0x00000000e2500000, 0x00000000e2500000|100%| O|  |TAMS 0x00000000e2400000| PB 0x00000000e2400000| Untracked 
|  37|0x00000000e2500000, 0x00000000e2600000, 0x00000000e2600000|100%| O|  |TAMS 0x00000000e2500000| PB 0x00000000e2500000| Untracked 
|  38|0x00000000e2600000, 0x00000000e2700000, 0x00000000e2700000|100%| O|  |TAMS 0x00000000e2600000| PB 0x00000000e2600000| Untracked 
|  39|0x00000000e2700000, 0x00000000e2800000, 0x00000000e2800000|100%| O|  |TAMS 0x00000000e2700000| PB 0x00000000e2700000| Untracked 
|  40|0x00000000e2800000, 0x00000000e2900000, 0x00000000e2900000|100%| O|  |TAMS 0x00000000e2800000| PB 0x00000000e2800000| Untracked 
|  41|0x00000000e2900000, 0x00000000e2a00000, 0x00000000e2a00000|100%| O|  |TAMS 0x00000000e2900000| PB 0x00000000e2900000| Untracked 
|  42|0x00000000e2a00000, 0x00000000e2b00000, 0x00000000e2b00000|100%| O|  |TAMS 0x00000000e2a00000| PB 0x00000000e2a00000| Untracked 
|  43|0x00000000e2b00000, 0x00000000e2c00000, 0x00000000e2c00000|100%| O|  |TAMS 0x00000000e2b00000| PB 0x00000000e2b00000| Untracked 
|  44|0x00000000e2c00000, 0x00000000e2d00000, 0x00000000e2d00000|100%| O|  |TAMS 0x00000000e2c00000| PB 0x00000000e2c00000| Untracked 
|  45|0x00000000e2d00000, 0x00000000e2e00000, 0x00000000e2e00000|100%| O|  |TAMS 0x00000000e2d00000| PB 0x00000000e2d00000| Untracked 
|  46|0x00000000e2e00000, 0x00000000e2f00000, 0x00000000e2f00000|100%| O|  |TAMS 0x00000000e2e00000| PB 0x00000000e2e00000| Untracked 
|  47|0x00000000e2f00000, 0x00000000e3000000, 0x00000000e3000000|100%| O|  |TAMS 0x00000000e2f00000| PB 0x00000000e2f00000| Untracked 
|  48|0x00000000e3000000, 0x00000000e3100000, 0x00000000e3100000|100%| O|  |TAMS 0x00000000e3000000| PB 0x00000000e3000000| Untracked 
|  49|0x00000000e3100000, 0x00000000e3200000, 0x00000000e3200000|100%| O|  |TAMS 0x00000000e3100000| PB 0x00000000e3100000| Untracked 
|  50|0x00000000e3200000, 0x00000000e3300000, 0x00000000e3300000|100%| O|  |TAMS 0x00000000e3200000| PB 0x00000000e3200000| Untracked 
|  51|0x00000000e3300000, 0x00000000e3400000, 0x00000000e3400000|100%| O|  |TAMS 0x00000000e3300000| PB 0x00000000e3300000| Untracked 
|  52|0x00000000e3400000, 0x00000000e3500000, 0x00000000e3500000|100%| O|  |TAMS 0x00000000e3400000| PB 0x00000000e3400000| Untracked 
|  53|0x00000000e3500000, 0x00000000e3600000, 0x00000000e3600000|100%| O|  |TAMS 0x00000000e3500000| PB 0x00000000e3500000| Untracked 
|  54|0x00000000e3600000, 0x00000000e3700000, 0x00000000e3700000|100%| O|  |TAMS 0x00000000e3600000| PB 0x00000000e3600000| Untracked 
|  55|0x00000000e3700000, 0x00000000e3700000, 0x00000000e3800000|  0%| F|  |TAMS 0x00000000e3700000| PB 0x00000000e3700000| Untracked 
|  56|0x00000000e3800000, 0x00000000e3900000, 0x00000000e3900000|100%| O|  |TAMS 0x00000000e3800000| PB 0x00000000e3800000| Untracked 
|  57|0x00000000e3900000, 0x00000000e3a00000, 0x00000000e3a00000|100%| O|  |TAMS 0x00000000e3900000| PB 0x00000000e3900000| Untracked 
|  58|0x00000000e3a00000, 0x00000000e3b00000, 0x00000000e3b00000|100%| O|  |TAMS 0x00000000e3a00000| PB 0x00000000e3a00000| Untracked 
|  59|0x00000000e3b00000, 0x00000000e3c00000, 0x00000000e3c00000|100%| O|  |TAMS 0x00000000e3b00000| PB 0x00000000e3b00000| Untracked 
|  60|0x00000000e3c00000, 0x00000000e3d00000, 0x00000000e3d00000|100%| O|  |TAMS 0x00000000e3c00000| PB 0x00000000e3c00000| Untracked 
|  61|0x00000000e3d00000, 0x00000000e3e00000, 0x00000000e3e00000|100%| O|  |TAMS 0x00000000e3d00000| PB 0x00000000e3d00000| Untracked 
|  62|0x00000000e3e00000, 0x00000000e3f00000, 0x00000000e3f00000|100%| O|  |TAMS 0x00000000e3e00000| PB 0x00000000e3e00000| Untracked 
|  63|0x00000000e3f00000, 0x00000000e4000000, 0x00000000e4000000|100%| O|  |TAMS 0x00000000e3f00000| PB 0x00000000e3f00000| Untracked 
|  64|0x00000000e4000000, 0x00000000e4100000, 0x00000000e4100000|100%| O|  |TAMS 0x00000000e4000000| PB 0x00000000e4000000| Untracked 
|  65|0x00000000e4100000, 0x00000000e4200000, 0x00000000e4200000|100%| O|  |TAMS 0x00000000e4100000| PB 0x00000000e4100000| Untracked 
|  66|0x00000000e4200000, 0x00000000e4300000, 0x00000000e4300000|100%| O|  |TAMS 0x00000000e4200000| PB 0x00000000e4200000| Untracked 
|  67|0x00000000e4300000, 0x00000000e4400000, 0x00000000e4400000|100%| O|  |TAMS 0x00000000e4300000| PB 0x00000000e4300000| Untracked 
|  68|0x00000000e4400000, 0x00000000e4500000, 0x00000000e4500000|100%| O|  |TAMS 0x00000000e4400000| PB 0x00000000e4400000| Untracked 
|  69|0x00000000e4500000, 0x00000000e45d1e80, 0x00000000e4600000| 81%| O|  |TAMS 0x00000000e4500000| PB 0x00000000e4500000| Untracked 
|  70|0x00000000e4600000, 0x00000000e4600000, 0x00000000e4700000|  0%| F|  |TAMS 0x00000000e4600000| PB 0x00000000e4600000| Untracked 
|  71|0x00000000e4700000, 0x00000000e4700000, 0x00000000e4800000|  0%| F|  |TAMS 0x00000000e4700000| PB 0x00000000e4700000| Untracked 
|  72|0x00000000e4800000, 0x00000000e4800000, 0x00000000e4900000|  0%| F|  |TAMS 0x00000000e4800000| PB 0x00000000e4800000| Untracked 
|  73|0x00000000e4900000, 0x00000000e4900000, 0x00000000e4a00000|  0%| F|  |TAMS 0x00000000e4900000| PB 0x00000000e4900000| Untracked 
|  74|0x00000000e4a00000, 0x00000000e4a00000, 0x00000000e4b00000|  0%| F|  |TAMS 0x00000000e4a00000| PB 0x00000000e4a00000| Untracked 
|  75|0x00000000e4b00000, 0x00000000e4b00000, 0x00000000e4c00000|  0%| F|  |TAMS 0x00000000e4b00000| PB 0x00000000e4b00000| Untracked 
|  76|0x00000000e4c00000, 0x00000000e4c00000, 0x00000000e4d00000|  0%| F|  |TAMS 0x00000000e4c00000| PB 0x00000000e4c00000| Untracked 
|  77|0x00000000e4d00000, 0x00000000e4d00000, 0x00000000e4e00000|  0%| F|  |TAMS 0x00000000e4d00000| PB 0x00000000e4d00000| Untracked 
|  78|0x00000000e4e00000, 0x00000000e4e00000, 0x00000000e4f00000|  0%| F|  |TAMS 0x00000000e4e00000| PB 0x00000000e4e00000| Untracked 
|  79|0x00000000e4f00000, 0x00000000e4f00000, 0x00000000e5000000|  0%| F|  |TAMS 0x00000000e4f00000| PB 0x00000000e4f00000| Untracked 
|  80|0x00000000e5000000, 0x00000000e5000000, 0x00000000e5100000|  0%| F|  |TAMS 0x00000000e5000000| PB 0x00000000e5000000| Untracked 
|  81|0x00000000e5100000, 0x00000000e5100000, 0x00000000e5200000|  0%| F|  |TAMS 0x00000000e5100000| PB 0x00000000e5100000| Untracked 
|  82|0x00000000e5200000, 0x00000000e5200000, 0x00000000e5300000|  0%| F|  |TAMS 0x00000000e5200000| PB 0x00000000e5200000| Untracked 
|  83|0x00000000e5300000, 0x00000000e5400000, 0x00000000e5400000|100%| S|CS|TAMS 0x00000000e5300000| PB 0x00000000e5300000| Complete 
|  84|0x00000000e5400000, 0x00000000e5500000, 0x00000000e5500000|100%| S|CS|TAMS 0x00000000e5400000| PB 0x00000000e5400000| Complete 
|  85|0x00000000e5500000, 0x00000000e5600000, 0x00000000e5600000|100%| S|CS|TAMS 0x00000000e5500000| PB 0x00000000e5500000| Complete 
|  86|0x00000000e5600000, 0x00000000e5700000, 0x00000000e5700000|100%| S|CS|TAMS 0x00000000e5600000| PB 0x00000000e5600000| Complete 
|  87|0x00000000e5700000, 0x00000000e5800000, 0x00000000e5800000|100%| S|CS|TAMS 0x00000000e5700000| PB 0x00000000e5700000| Complete 
|  88|0x00000000e5800000, 0x00000000e5900000, 0x00000000e5900000|100%| S|CS|TAMS 0x00000000e5800000| PB 0x00000000e5800000| Complete 
|  89|0x00000000e5900000, 0x00000000e5a00000, 0x00000000e5a00000|100%| S|CS|TAMS 0x00000000e5900000| PB 0x00000000e5900000| Complete 
|  90|0x00000000e5a00000, 0x00000000e5b00000, 0x00000000e5b00000|100%| S|CS|TAMS 0x00000000e5a00000| PB 0x00000000e5a00000| Complete 
|  91|0x00000000e5b00000, 0x00000000e5c00000, 0x00000000e5c00000|100%| S|CS|TAMS 0x00000000e5b00000| PB 0x00000000e5b00000| Complete 
|  92|0x00000000e5c00000, 0x00000000e5d00000, 0x00000000e5d00000|100%| S|CS|TAMS 0x00000000e5c00000| PB 0x00000000e5c00000| Complete 
|  93|0x00000000e5d00000, 0x00000000e5e00000, 0x00000000e5e00000|100%| S|CS|TAMS 0x00000000e5d00000| PB 0x00000000e5d00000| Complete 
|  94|0x00000000e5e00000, 0x00000000e5e00000, 0x00000000e5f00000|  0%| F|  |TAMS 0x00000000e5e00000| PB 0x00000000e5e00000| Untracked 
|  95|0x00000000e5f00000, 0x00000000e5f00000, 0x00000000e6000000|  0%| F|  |TAMS 0x00000000e5f00000| PB 0x00000000e5f00000| Untracked 
|  96|0x00000000e6000000, 0x00000000e6000000, 0x00000000e6100000|  0%| F|  |TAMS 0x00000000e6000000| PB 0x00000000e6000000| Untracked 
|  97|0x00000000e6100000, 0x00000000e6100000, 0x00000000e6200000|  0%| F|  |TAMS 0x00000000e6100000| PB 0x00000000e6100000| Untracked 
|  98|0x00000000e6200000, 0x00000000e6200000, 0x00000000e6300000|  0%| F|  |TAMS 0x00000000e6200000| PB 0x00000000e6200000| Untracked 
|  99|0x00000000e6300000, 0x00000000e6300000, 0x00000000e6400000|  0%| F|  |TAMS 0x00000000e6300000| PB 0x00000000e6300000| Untracked 
| 100|0x00000000e6400000, 0x00000000e6400000, 0x00000000e6500000|  0%| F|  |TAMS 0x00000000e6400000| PB 0x00000000e6400000| Untracked 
| 101|0x00000000e6500000, 0x00000000e6500000, 0x00000000e6600000|  0%| F|  |TAMS 0x00000000e6500000| PB 0x00000000e6500000| Untracked 
| 102|0x00000000e6600000, 0x00000000e6600000, 0x00000000e6700000|  0%| F|  |TAMS 0x00000000e6600000| PB 0x00000000e6600000| Untracked 
| 103|0x00000000e6700000, 0x00000000e6700000, 0x00000000e6800000|  0%| F|  |TAMS 0x00000000e6700000| PB 0x00000000e6700000| Untracked 
| 104|0x00000000e6800000, 0x00000000e6900000, 0x00000000e6900000|100%| S|CS|TAMS 0x00000000e6800000| PB 0x00000000e6800000| Complete 
| 105|0x00000000e6900000, 0x00000000e6a00000, 0x00000000e6a00000|100%| S|CS|TAMS 0x00000000e6900000| PB 0x00000000e6900000| Complete 
| 106|0x00000000e6a00000, 0x00000000e6b00000, 0x00000000e6b00000|100%| S|CS|TAMS 0x00000000e6a00000| PB 0x00000000e6a00000| Complete 
| 107|0x00000000e6b00000, 0x00000000e6c00000, 0x00000000e6c00000|100%| S|CS|TAMS 0x00000000e6b00000| PB 0x00000000e6b00000| Complete 
| 108|0x00000000e6c00000, 0x00000000e6d00000, 0x00000000e6d00000|100%| S|CS|TAMS 0x00000000e6c00000| PB 0x00000000e6c00000| Complete 
| 109|0x00000000e6d00000, 0x00000000e6e00000, 0x00000000e6e00000|100%| S|CS|TAMS 0x00000000e6d00000| PB 0x00000000e6d00000| Complete 
| 110|0x00000000e6e00000, 0x00000000e6f00000, 0x00000000e6f00000|100%| S|CS|TAMS 0x00000000e6e00000| PB 0x00000000e6e00000| Complete 
| 111|0x00000000e6f00000, 0x00000000e7000000, 0x00000000e7000000|100%| S|CS|TAMS 0x00000000e6f00000| PB 0x00000000e6f00000| Complete 
| 112|0x00000000e7000000, 0x00000000e7100000, 0x00000000e7100000|100%| S|CS|TAMS 0x00000000e7000000| PB 0x00000000e7000000| Complete 
| 113|0x00000000e7100000, 0x00000000e7100000, 0x00000000e7200000|  0%| F|  |TAMS 0x00000000e7100000| PB 0x00000000e7100000| Untracked 
| 114|0x00000000e7200000, 0x00000000e7200000, 0x00000000e7300000|  0%| F|  |TAMS 0x00000000e7200000| PB 0x00000000e7200000| Untracked 
| 115|0x00000000e7300000, 0x00000000e7300000, 0x00000000e7400000|  0%| F|  |TAMS 0x00000000e7300000| PB 0x00000000e7300000| Untracked 
| 116|0x00000000e7400000, 0x00000000e7400000, 0x00000000e7500000|  0%| F|  |TAMS 0x00000000e7400000| PB 0x00000000e7400000| Untracked 
| 117|0x00000000e7500000, 0x00000000e7500000, 0x00000000e7600000|  0%| F|  |TAMS 0x00000000e7500000| PB 0x00000000e7500000| Untracked 
| 118|0x00000000e7600000, 0x00000000e7600000, 0x00000000e7700000|  0%| F|  |TAMS 0x00000000e7600000| PB 0x00000000e7600000| Untracked 
| 119|0x00000000e7700000, 0x00000000e7700000, 0x00000000e7800000|  0%| F|  |TAMS 0x00000000e7700000| PB 0x00000000e7700000| Untracked 
| 120|0x00000000e7800000, 0x00000000e7800000, 0x00000000e7900000|  0%| F|  |TAMS 0x00000000e7800000| PB 0x00000000e7800000| Untracked 
| 121|0x00000000e7900000, 0x00000000e7900000, 0x00000000e7a00000|  0%| F|  |TAMS 0x00000000e7900000| PB 0x00000000e7900000| Untracked 
| 122|0x00000000e7a00000, 0x00000000e7a00000, 0x00000000e7b00000|  0%| F|  |TAMS 0x00000000e7a00000| PB 0x00000000e7a00000| Untracked 
| 123|0x00000000e7b00000, 0x00000000e7b00000, 0x00000000e7c00000|  0%| F|  |TAMS 0x00000000e7b00000| PB 0x00000000e7b00000| Untracked 
| 124|0x00000000e7c00000, 0x00000000e7c00000, 0x00000000e7d00000|  0%| F|  |TAMS 0x00000000e7c00000| PB 0x00000000e7c00000| Untracked 
| 125|0x00000000e7d00000, 0x00000000e7d00000, 0x00000000e7e00000|  0%| F|  |TAMS 0x00000000e7d00000| PB 0x00000000e7d00000| Untracked 
| 126|0x00000000e7e00000, 0x00000000e7e00000, 0x00000000e7f00000|  0%| F|  |TAMS 0x00000000e7e00000| PB 0x00000000e7e00000| Untracked 
| 127|0x00000000e7f00000, 0x00000000e7f00000, 0x00000000e8000000|  0%| F|  |TAMS 0x00000000e7f00000| PB 0x00000000e7f00000| Untracked 
| 128|0x00000000e8000000, 0x00000000e8000000, 0x00000000e8100000|  0%| F|  |TAMS 0x00000000e8000000| PB 0x00000000e8000000| Untracked 
| 129|0x00000000e8100000, 0x00000000e8100000, 0x00000000e8200000|  0%| F|  |TAMS 0x00000000e8100000| PB 0x00000000e8100000| Untracked 
| 130|0x00000000e8200000, 0x00000000e8200000, 0x00000000e8300000|  0%| F|  |TAMS 0x00000000e8200000| PB 0x00000000e8200000| Untracked 
| 131|0x00000000e8300000, 0x00000000e8300000, 0x00000000e8400000|  0%| F|  |TAMS 0x00000000e8300000| PB 0x00000000e8300000| Untracked 
| 132|0x00000000e8400000, 0x00000000e8400000, 0x00000000e8500000|  0%| F|  |TAMS 0x00000000e8400000| PB 0x00000000e8400000| Untracked 
| 133|0x00000000e8500000, 0x00000000e8500000, 0x00000000e8600000|  0%| F|  |TAMS 0x00000000e8500000| PB 0x00000000e8500000| Untracked 
| 134|0x00000000e8600000, 0x00000000e8600000, 0x00000000e8700000|  0%| F|  |TAMS 0x00000000e8600000| PB 0x00000000e8600000| Untracked 
| 135|0x00000000e8700000, 0x00000000e8700000, 0x00000000e8800000|  0%| F|  |TAMS 0x00000000e8700000| PB 0x00000000e8700000| Untracked 
| 136|0x00000000e8800000, 0x00000000e8800000, 0x00000000e8900000|  0%| F|  |TAMS 0x00000000e8800000| PB 0x00000000e8800000| Untracked 
| 137|0x00000000e8900000, 0x00000000e8900000, 0x00000000e8a00000|  0%| F|  |TAMS 0x00000000e8900000| PB 0x00000000e8900000| Untracked 
| 138|0x00000000e8a00000, 0x00000000e8a00000, 0x00000000e8b00000|  0%| F|  |TAMS 0x00000000e8a00000| PB 0x00000000e8a00000| Untracked 
| 139|0x00000000e8b00000, 0x00000000e8b00000, 0x00000000e8c00000|  0%| F|  |TAMS 0x00000000e8b00000| PB 0x00000000e8b00000| Untracked 
| 140|0x00000000e8c00000, 0x00000000e8c00000, 0x00000000e8d00000|  0%| F|  |TAMS 0x00000000e8c00000| PB 0x00000000e8c00000| Untracked 
| 141|0x00000000e8d00000, 0x00000000e8d00000, 0x00000000e8e00000|  0%| F|  |TAMS 0x00000000e8d00000| PB 0x00000000e8d00000| Untracked 
| 142|0x00000000e8e00000, 0x00000000e8e00000, 0x00000000e8f00000|  0%| F|  |TAMS 0x00000000e8e00000| PB 0x00000000e8e00000| Untracked 
| 143|0x00000000e8f00000, 0x00000000e8f00000, 0x00000000e9000000|  0%| F|  |TAMS 0x00000000e8f00000| PB 0x00000000e8f00000| Untracked 
| 144|0x00000000e9000000, 0x00000000e9000000, 0x00000000e9100000|  0%| F|  |TAMS 0x00000000e9000000| PB 0x00000000e9000000| Untracked 
| 145|0x00000000e9100000, 0x00000000e9100000, 0x00000000e9200000|  0%| F|  |TAMS 0x00000000e9100000| PB 0x00000000e9100000| Untracked 
| 146|0x00000000e9200000, 0x00000000e9200000, 0x00000000e9300000|  0%| F|  |TAMS 0x00000000e9200000| PB 0x00000000e9200000| Untracked 
| 147|0x00000000e9300000, 0x00000000e9300000, 0x00000000e9400000|  0%| F|  |TAMS 0x00000000e9300000| PB 0x00000000e9300000| Untracked 
| 148|0x00000000e9400000, 0x00000000e9400000, 0x00000000e9500000|  0%| F|  |TAMS 0x00000000e9400000| PB 0x00000000e9400000| Untracked 
| 149|0x00000000e9500000, 0x00000000e9500000, 0x00000000e9600000|  0%| F|  |TAMS 0x00000000e9500000| PB 0x00000000e9500000| Untracked 
| 150|0x00000000e9600000, 0x00000000e9600000, 0x00000000e9700000|  0%| F|  |TAMS 0x00000000e9600000| PB 0x00000000e9600000| Untracked 
| 151|0x00000000e9700000, 0x00000000e9700000, 0x00000000e9800000|  0%| F|  |TAMS 0x00000000e9700000| PB 0x00000000e9700000| Untracked 
| 152|0x00000000e9800000, 0x00000000e9800000, 0x00000000e9900000|  0%| F|  |TAMS 0x00000000e9800000| PB 0x00000000e9800000| Untracked 
| 153|0x00000000e9900000, 0x00000000e9900000, 0x00000000e9a00000|  0%| F|  |TAMS 0x00000000e9900000| PB 0x00000000e9900000| Untracked 
| 154|0x00000000e9a00000, 0x00000000e9a00000, 0x00000000e9b00000|  0%| F|  |TAMS 0x00000000e9a00000| PB 0x00000000e9a00000| Untracked 
| 155|0x00000000e9b00000, 0x00000000e9b00000, 0x00000000e9c00000|  0%| F|  |TAMS 0x00000000e9b00000| PB 0x00000000e9b00000| Untracked 
| 156|0x00000000e9c00000, 0x00000000e9c00000, 0x00000000e9d00000|  0%| F|  |TAMS 0x00000000e9c00000| PB 0x00000000e9c00000| Untracked 
| 157|0x00000000e9d00000, 0x00000000e9d00000, 0x00000000e9e00000|  0%| F|  |TAMS 0x00000000e9d00000| PB 0x00000000e9d00000| Untracked 
| 158|0x00000000e9e00000, 0x00000000e9e00000, 0x00000000e9f00000|  0%| F|  |TAMS 0x00000000e9e00000| PB 0x00000000e9e00000| Untracked 
| 159|0x00000000e9f00000, 0x00000000e9f00000, 0x00000000ea000000|  0%| F|  |TAMS 0x00000000e9f00000| PB 0x00000000e9f00000| Untracked 
| 160|0x00000000ea000000, 0x00000000ea000000, 0x00000000ea100000|  0%| F|  |TAMS 0x00000000ea000000| PB 0x00000000ea000000| Untracked 
| 161|0x00000000ea100000, 0x00000000ea100000, 0x00000000ea200000|  0%| F|  |TAMS 0x00000000ea100000| PB 0x00000000ea100000| Untracked 
| 162|0x00000000ea200000, 0x00000000ea200000, 0x00000000ea300000|  0%| F|  |TAMS 0x00000000ea200000| PB 0x00000000ea200000| Untracked 
| 163|0x00000000ea300000, 0x00000000ea300000, 0x00000000ea400000|  0%| F|  |TAMS 0x00000000ea300000| PB 0x00000000ea300000| Untracked 
| 164|0x00000000ea400000, 0x00000000ea500000, 0x00000000ea500000|100%| E|  |TAMS 0x00000000ea400000| PB 0x00000000ea400000| Complete 
| 165|0x00000000ea500000, 0x00000000ea600000, 0x00000000ea600000|100%| E|CS|TAMS 0x00000000ea500000| PB 0x00000000ea500000| Complete 
| 166|0x00000000ea600000, 0x00000000ea700000, 0x00000000ea700000|100%| E|CS|TAMS 0x00000000ea600000| PB 0x00000000ea600000| Complete 
| 167|0x00000000ea700000, 0x00000000ea800000, 0x00000000ea800000|100%| E|CS|TAMS 0x00000000ea700000| PB 0x00000000ea700000| Complete 
| 168|0x00000000ea800000, 0x00000000ea900000, 0x00000000ea900000|100%| E|CS|TAMS 0x00000000ea800000| PB 0x00000000ea800000| Complete 
| 169|0x00000000ea900000, 0x00000000eaa00000, 0x00000000eaa00000|100%| E|CS|TAMS 0x00000000ea900000| PB 0x00000000ea900000| Complete 
| 170|0x00000000eaa00000, 0x00000000eab00000, 0x00000000eab00000|100%| E|CS|TAMS 0x00000000eaa00000| PB 0x00000000eaa00000| Complete 
| 171|0x00000000eab00000, 0x00000000eac00000, 0x00000000eac00000|100%| E|CS|TAMS 0x00000000eab00000| PB 0x00000000eab00000| Complete 
| 172|0x00000000eac00000, 0x00000000ead00000, 0x00000000ead00000|100%| E|CS|TAMS 0x00000000eac00000| PB 0x00000000eac00000| Complete 
| 173|0x00000000ead00000, 0x00000000eae00000, 0x00000000eae00000|100%| E|CS|TAMS 0x00000000ead00000| PB 0x00000000ead00000| Complete 
| 174|0x00000000eae00000, 0x00000000eaf00000, 0x00000000eaf00000|100%| E|CS|TAMS 0x00000000eae00000| PB 0x00000000eae00000| Complete 
| 175|0x00000000eaf00000, 0x00000000eb000000, 0x00000000eb000000|100%| E|CS|TAMS 0x00000000eaf00000| PB 0x00000000eaf00000| Complete 
| 176|0x00000000eb000000, 0x00000000eb100000, 0x00000000eb100000|100%| E|CS|TAMS 0x00000000eb000000| PB 0x00000000eb000000| Complete 
| 177|0x00000000eb100000, 0x00000000eb200000, 0x00000000eb200000|100%| E|CS|TAMS 0x00000000eb100000| PB 0x00000000eb100000| Complete 
| 178|0x00000000eb200000, 0x00000000eb300000, 0x00000000eb300000|100%| E|CS|TAMS 0x00000000eb200000| PB 0x00000000eb200000| Complete 
| 179|0x00000000eb300000, 0x00000000eb400000, 0x00000000eb400000|100%| E|CS|TAMS 0x00000000eb300000| PB 0x00000000eb300000| Complete 
| 180|0x00000000eb400000, 0x00000000eb500000, 0x00000000eb500000|100%| E|CS|TAMS 0x00000000eb400000| PB 0x00000000eb400000| Complete 
| 181|0x00000000eb500000, 0x00000000eb600000, 0x00000000eb600000|100%| E|CS|TAMS 0x00000000eb500000| PB 0x00000000eb500000| Complete 
| 182|0x00000000eb600000, 0x00000000eb700000, 0x00000000eb700000|100%| E|CS|TAMS 0x00000000eb600000| PB 0x00000000eb600000| Complete 
| 183|0x00000000eb700000, 0x00000000eb800000, 0x00000000eb800000|100%| E|CS|TAMS 0x00000000eb700000| PB 0x00000000eb700000| Complete 
| 184|0x00000000eb800000, 0x00000000eb900000, 0x00000000eb900000|100%| E|CS|TAMS 0x00000000eb800000| PB 0x00000000eb800000| Complete 
| 185|0x00000000eb900000, 0x00000000eba00000, 0x00000000eba00000|100%| E|CS|TAMS 0x00000000eb900000| PB 0x00000000eb900000| Complete 
| 186|0x00000000eba00000, 0x00000000ebb00000, 0x00000000ebb00000|100%| E|CS|TAMS 0x00000000eba00000| PB 0x00000000eba00000| Complete 
| 187|0x00000000ebb00000, 0x00000000ebc00000, 0x00000000ebc00000|100%| E|CS|TAMS 0x00000000ebb00000| PB 0x00000000ebb00000| Complete 
| 188|0x00000000ebc00000, 0x00000000ebd00000, 0x00000000ebd00000|100%| E|CS|TAMS 0x00000000ebc00000| PB 0x00000000ebc00000| Complete 
| 189|0x00000000ebd00000, 0x00000000ebe00000, 0x00000000ebe00000|100%| E|CS|TAMS 0x00000000ebd00000| PB 0x00000000ebd00000| Complete 
| 190|0x00000000ebe00000, 0x00000000ebf00000, 0x00000000ebf00000|100%| E|CS|TAMS 0x00000000ebe00000| PB 0x00000000ebe00000| Complete 
| 191|0x00000000ebf00000, 0x00000000ec000000, 0x00000000ec000000|100%| E|CS|TAMS 0x00000000ebf00000| PB 0x00000000ebf00000| Complete 
| 192|0x00000000ec000000, 0x00000000ec100000, 0x00000000ec100000|100%| E|CS|TAMS 0x00000000ec000000| PB 0x00000000ec000000| Complete 
| 193|0x00000000ec100000, 0x00000000ec200000, 0x00000000ec200000|100%| E|CS|TAMS 0x00000000ec100000| PB 0x00000000ec100000| Complete 
| 194|0x00000000ec200000, 0x00000000ec300000, 0x00000000ec300000|100%| E|CS|TAMS 0x00000000ec200000| PB 0x00000000ec200000| Complete 
| 195|0x00000000ec300000, 0x00000000ec400000, 0x00000000ec400000|100%| E|CS|TAMS 0x00000000ec300000| PB 0x00000000ec300000| Complete 
| 196|0x00000000ec400000, 0x00000000ec500000, 0x00000000ec500000|100%| E|CS|TAMS 0x00000000ec400000| PB 0x00000000ec400000| Complete 
| 197|0x00000000ec500000, 0x00000000ec600000, 0x00000000ec600000|100%| E|CS|TAMS 0x00000000ec500000| PB 0x00000000ec500000| Complete 
| 198|0x00000000ec600000, 0x00000000ec700000, 0x00000000ec700000|100%| E|CS|TAMS 0x00000000ec600000| PB 0x00000000ec600000| Complete 
| 199|0x00000000ec700000, 0x00000000ec800000, 0x00000000ec800000|100%| E|CS|TAMS 0x00000000ec700000| PB 0x00000000ec700000| Complete 
| 200|0x00000000ec800000, 0x00000000ec900000, 0x00000000ec900000|100%| E|CS|TAMS 0x00000000ec800000| PB 0x00000000ec800000| Complete 
| 201|0x00000000ec900000, 0x00000000eca00000, 0x00000000eca00000|100%| E|CS|TAMS 0x00000000ec900000| PB 0x00000000ec900000| Complete 
| 202|0x00000000eca00000, 0x00000000ecb00000, 0x00000000ecb00000|100%| E|CS|TAMS 0x00000000eca00000| PB 0x00000000eca00000| Complete 
| 203|0x00000000ecb00000, 0x00000000ecc00000, 0x00000000ecc00000|100%| E|CS|TAMS 0x00000000ecb00000| PB 0x00000000ecb00000| Complete 
| 204|0x00000000ecc00000, 0x00000000ecd00000, 0x00000000ecd00000|100%| E|CS|TAMS 0x00000000ecc00000| PB 0x00000000ecc00000| Complete 
| 205|0x00000000ecd00000, 0x00000000ece00000, 0x00000000ece00000|100%| E|CS|TAMS 0x00000000ecd00000| PB 0x00000000ecd00000| Complete 
| 206|0x00000000ece00000, 0x00000000ecf00000, 0x00000000ecf00000|100%| E|  |TAMS 0x00000000ece00000| PB 0x00000000ece00000| Complete 
| 207|0x00000000ecf00000, 0x00000000ed000000, 0x00000000ed000000|100%| E|CS|TAMS 0x00000000ecf00000| PB 0x00000000ecf00000| Complete 
| 208|0x00000000ed000000, 0x00000000ed100000, 0x00000000ed100000|100%| E|CS|TAMS 0x00000000ed000000| PB 0x00000000ed000000| Complete 
| 209|0x00000000ed100000, 0x00000000ed200000, 0x00000000ed200000|100%| E|CS|TAMS 0x00000000ed100000| PB 0x00000000ed100000| Complete 
| 210|0x00000000ed200000, 0x00000000ed300000, 0x00000000ed300000|100%| E|CS|TAMS 0x00000000ed200000| PB 0x00000000ed200000| Complete 
| 211|0x00000000ed300000, 0x00000000ed400000, 0x00000000ed400000|100%| E|CS|TAMS 0x00000000ed300000| PB 0x00000000ed300000| Complete 
| 212|0x00000000ed400000, 0x00000000ed500000, 0x00000000ed500000|100%| E|CS|TAMS 0x00000000ed400000| PB 0x00000000ed400000| Complete 
| 213|0x00000000ed500000, 0x00000000ed600000, 0x00000000ed600000|100%| E|CS|TAMS 0x00000000ed500000| PB 0x00000000ed500000| Complete 
| 214|0x00000000ed600000, 0x00000000ed700000, 0x00000000ed700000|100%| E|CS|TAMS 0x00000000ed600000| PB 0x00000000ed600000| Complete 
| 215|0x00000000ed700000, 0x00000000ed800000, 0x00000000ed800000|100%| E|CS|TAMS 0x00000000ed700000| PB 0x00000000ed700000| Complete 
| 216|0x00000000ed800000, 0x00000000ed900000, 0x00000000ed900000|100%| E|CS|TAMS 0x00000000ed800000| PB 0x00000000ed800000| Complete 
| 217|0x00000000ed900000, 0x00000000eda00000, 0x00000000eda00000|100%| E|CS|TAMS 0x00000000ed900000| PB 0x00000000ed900000| Complete 
| 218|0x00000000eda00000, 0x00000000edb00000, 0x00000000edb00000|100%| E|CS|TAMS 0x00000000eda00000| PB 0x00000000eda00000| Complete 
| 219|0x00000000edb00000, 0x00000000edc00000, 0x00000000edc00000|100%| E|CS|TAMS 0x00000000edb00000| PB 0x00000000edb00000| Complete 
| 220|0x00000000edc00000, 0x00000000edd00000, 0x00000000edd00000|100%| E|CS|TAMS 0x00000000edc00000| PB 0x00000000edc00000| Complete 
| 221|0x00000000edd00000, 0x00000000ede00000, 0x00000000ede00000|100%| E|CS|TAMS 0x00000000edd00000| PB 0x00000000edd00000| Complete 
| 222|0x00000000ede00000, 0x00000000edf00000, 0x00000000edf00000|100%| E|CS|TAMS 0x00000000ede00000| PB 0x00000000ede00000| Complete 
| 223|0x00000000edf00000, 0x00000000ee000000, 0x00000000ee000000|100%| E|CS|TAMS 0x00000000edf00000| PB 0x00000000edf00000| Complete 
| 224|0x00000000ee000000, 0x00000000ee100000, 0x00000000ee100000|100%| E|CS|TAMS 0x00000000ee000000| PB 0x00000000ee000000| Complete 
| 225|0x00000000ee100000, 0x00000000ee200000, 0x00000000ee200000|100%| E|CS|TAMS 0x00000000ee100000| PB 0x00000000ee100000| Complete 
| 226|0x00000000ee200000, 0x00000000ee300000, 0x00000000ee300000|100%| E|CS|TAMS 0x00000000ee200000| PB 0x00000000ee200000| Complete 
| 227|0x00000000ee300000, 0x00000000ee400000, 0x00000000ee400000|100%| E|CS|TAMS 0x00000000ee300000| PB 0x00000000ee300000| Complete 
| 228|0x00000000ee400000, 0x00000000ee500000, 0x00000000ee500000|100%| E|CS|TAMS 0x00000000ee400000| PB 0x00000000ee400000| Complete 
| 229|0x00000000ee500000, 0x00000000ee600000, 0x00000000ee600000|100%| E|CS|TAMS 0x00000000ee500000| PB 0x00000000ee500000| Complete 
| 230|0x00000000ee600000, 0x00000000ee700000, 0x00000000ee700000|100%| E|CS|TAMS 0x00000000ee600000| PB 0x00000000ee600000| Complete 
| 231|0x00000000ee700000, 0x00000000ee800000, 0x00000000ee800000|100%| E|CS|TAMS 0x00000000ee700000| PB 0x00000000ee700000| Complete 
| 232|0x00000000ee800000, 0x00000000ee900000, 0x00000000ee900000|100%| E|CS|TAMS 0x00000000ee800000| PB 0x00000000ee800000| Complete 
| 233|0x00000000ee900000, 0x00000000eea00000, 0x00000000eea00000|100%| E|CS|TAMS 0x00000000ee900000| PB 0x00000000ee900000| Complete 
| 234|0x00000000eea00000, 0x00000000eeb00000, 0x00000000eeb00000|100%| E|CS|TAMS 0x00000000eea00000| PB 0x00000000eea00000| Complete 
| 235|0x00000000eeb00000, 0x00000000eec00000, 0x00000000eec00000|100%| E|CS|TAMS 0x00000000eeb00000| PB 0x00000000eeb00000| Complete 
| 236|0x00000000eec00000, 0x00000000eed00000, 0x00000000eed00000|100%| E|CS|TAMS 0x00000000eec00000| PB 0x00000000eec00000| Complete 
| 237|0x00000000eed00000, 0x00000000eee00000, 0x00000000eee00000|100%| E|CS|TAMS 0x00000000eed00000| PB 0x00000000eed00000| Complete 
| 238|0x00000000eee00000, 0x00000000eef00000, 0x00000000eef00000|100%| E|CS|TAMS 0x00000000eee00000| PB 0x00000000eee00000| Complete 
| 239|0x00000000eef00000, 0x00000000ef000000, 0x00000000ef000000|100%| E|CS|TAMS 0x00000000eef00000| PB 0x00000000eef00000| Complete 
| 240|0x00000000ef000000, 0x00000000ef100000, 0x00000000ef100000|100%| E|CS|TAMS 0x00000000ef000000| PB 0x00000000ef000000| Complete 
| 241|0x00000000ef100000, 0x00000000ef200000, 0x00000000ef200000|100%| E|CS|TAMS 0x00000000ef100000| PB 0x00000000ef100000| Complete 
| 242|0x00000000ef200000, 0x00000000ef300000, 0x00000000ef300000|100%| E|CS|TAMS 0x00000000ef200000| PB 0x00000000ef200000| Complete 
| 243|0x00000000ef300000, 0x00000000ef400000, 0x00000000ef400000|100%| E|CS|TAMS 0x00000000ef300000| PB 0x00000000ef300000| Complete 
| 244|0x00000000ef400000, 0x00000000ef500000, 0x00000000ef500000|100%| E|CS|TAMS 0x00000000ef400000| PB 0x00000000ef400000| Complete 
| 245|0x00000000ef500000, 0x00000000ef600000, 0x00000000ef600000|100%| E|CS|TAMS 0x00000000ef500000| PB 0x00000000ef500000| Complete 
| 246|0x00000000ef600000, 0x00000000ef700000, 0x00000000ef700000|100%| E|CS|TAMS 0x00000000ef600000| PB 0x00000000ef600000| Complete 
| 247|0x00000000ef700000, 0x00000000ef800000, 0x00000000ef800000|100%| E|CS|TAMS 0x00000000ef700000| PB 0x00000000ef700000| Complete 
| 248|0x00000000ef800000, 0x00000000ef900000, 0x00000000ef900000|100%| E|CS|TAMS 0x00000000ef800000| PB 0x00000000ef800000| Complete 
| 249|0x00000000ef900000, 0x00000000efa00000, 0x00000000efa00000|100%| E|CS|TAMS 0x00000000ef900000| PB 0x00000000ef900000| Complete 
| 250|0x00000000efa00000, 0x00000000efb00000, 0x00000000efb00000|100%| E|CS|TAMS 0x00000000efa00000| PB 0x00000000efa00000| Complete 
| 251|0x00000000efb00000, 0x00000000efc00000, 0x00000000efc00000|100%| E|CS|TAMS 0x00000000efb00000| PB 0x00000000efb00000| Complete 
| 252|0x00000000efc00000, 0x00000000efd00000, 0x00000000efd00000|100%| E|CS|TAMS 0x00000000efc00000| PB 0x00000000efc00000| Complete 
| 253|0x00000000efd00000, 0x00000000efe00000, 0x00000000efe00000|100%| E|CS|TAMS 0x00000000efd00000| PB 0x00000000efd00000| Complete 
| 254|0x00000000efe00000, 0x00000000eff00000, 0x00000000eff00000|100%| E|CS|TAMS 0x00000000efe00000| PB 0x00000000efe00000| Complete 
| 255|0x00000000eff00000, 0x00000000f0000000, 0x00000000f0000000|100%| E|CS|TAMS 0x00000000eff00000| PB 0x00000000eff00000| Complete 

Card table byte_map: [0x000002211c540000,0x000002211c640000] _byte_map_base: 0x000002211be40000

Marking Bits: (CMBitMap*) 0x0000022104c43e00
 Bits: [0x000002211c640000, 0x000002211ce40000)

Polling page: 0x0000022102bd0000

Metaspace:

Usage:
  Non-class:     67.96 MB used.
      Class:     11.36 MB used.
       Both:     79.32 MB used.

Virtual space:
  Non-class space:      128.00 MB reserved,      69.06 MB ( 54%) committed,  2 nodes.
      Class space:      320.00 MB reserved,      12.44 MB (  4%) committed,  1 nodes.
             Both:      448.00 MB reserved,      81.50 MB ( 18%) committed. 

Chunk freelists:
   Non-Class:  10.73 MB
       Class:  3.61 MB
        Both:  14.33 MB

MaxMetaspaceSize: 384.00 MB
CompressedClassSpaceSize: 320.00 MB
Initial GC threshold: 21.00 MB
Current GC threshold: 99.81 MB
CDS: on
 - commit_granule_bytes: 65536.
 - commit_granule_words: 8192.
 - virtual_space_node_default_size: 8388608.
 - enlarge_chunks_in_place: 1.
 - use_allocation_guard: 0.


Internal statistics:

num_allocs_failed_limit: 15.
num_arena_births: 3976.
num_arena_deaths: 0.
num_vsnodes_births: 3.
num_vsnodes_deaths: 0.
num_space_committed: 1304.
num_space_uncommitted: 0.
num_chunks_returned_to_freelist: 15.
num_chunks_taken_from_freelist: 7731.
num_chunk_merges: 12.
num_chunk_splits: 4985.
num_chunks_enlarged: 3011.
num_inconsistent_stats: 0.

CodeHeap 'non-profiled nmethods': size=120000Kb used=7293Kb max_used=7293Kb free=112706Kb
 bounds [0x0000022114e00000, 0x0000022115520000, 0x000002211c330000]
CodeHeap 'profiled nmethods': size=120000Kb used=25783Kb max_used=25783Kb free=94216Kb
 bounds [0x000002210d330000, 0x000002210ec60000, 0x0000022114860000]
CodeHeap 'non-nmethods': size=5760Kb used=1986Kb max_used=2046Kb free=3773Kb
 bounds [0x0000022114860000, 0x0000022114ad0000, 0x0000022114e00000]
CodeCache: size=245760Kb, used=35062Kb, max_used=35122Kb, free=210695Kb
 total_blobs=12840, nmethods=11992, adapters=751, full_count=0
Compilation: enabled, stopped_count=0, restarted_count=0

Compilation events (20 events):
Event: 24.914 Thread 0x000002211f69efe0 12684       3       java.lang.ProcessEnvironment::addToEnv (20 bytes)
Event: 24.914 Thread 0x000002211f69efe0 nmethod 12684 0x000002210ec54690 code [0x000002210ec54880, 0x000002210ec54bf8]
Event: 24.958 Thread 0x000002211f69efe0 12692       2       org.gradle.internal.logging.text.AbstractLineChoppingStyledTextOutput::doAppend (43 bytes)
Event: 24.958 Thread 0x000002211f69efe0 nmethod 12692 0x000002210ec54d90 code [0x000002210ec54f60, 0x000002210ec55250]
Event: 24.958 Thread 0x000002211f69efe0 12686       2       org.gradle.internal.logging.text.AbstractLineChoppingStyledTextOutput$1::execute (9 bytes)
Event: 24.958 Thread 0x000002211f69efe0 nmethod 12686 0x000002210ec55410 code [0x000002210ec555c0, 0x000002210ec55720]
Event: 24.958 Thread 0x000002211f69efe0 12687       2       org.gradle.internal.logging.text.AbstractLineChoppingStyledTextOutput$1::execute (140 bytes)
Event: 24.958 Thread 0x000002211f69efe0 nmethod 12687 0x000002210ec55810 code [0x000002210ec55a60, 0x000002210ec55f58]
Event: 24.958 Thread 0x000002211f69efe0 12690       2       org.gradle.internal.logging.text.AbstractLineChoppingStyledTextOutput$2::execute (77 bytes)
Event: 24.959 Thread 0x000002211f69efe0 nmethod 12690 0x000002210ec56390 code [0x000002210ec565a0, 0x000002210ec569b0]
Event: 24.959 Thread 0x000002211f69efe0 12688       2       org.gradle.internal.logging.text.AbstractLineChoppingStyledTextOutput::access$800 (4 bytes)
Event: 24.959 Thread 0x000002211f69efe0 nmethod 12688 0x000002210ec56c10 code [0x000002210ec56da0, 0x000002210ec56e90]
Event: 24.959 Thread 0x000002211f69efe0 12689       2       org.gradle.internal.logging.text.AbstractLineChoppingStyledTextOutput$2::execute (9 bytes)
Event: 24.959 Thread 0x000002211f69efe0 nmethod 12689 0x000002210ec56f10 code [0x000002210ec570c0, 0x000002210ec57220]
Event: 24.959 Thread 0x000002211f69efe0 12693       3       org.gradle.internal.io.LineBufferingOutputStream::write (59 bytes)
Event: 24.960 Thread 0x000002211f69efe0 nmethod 12693 0x000002210ec57310 code [0x000002210ec575e0, 0x000002210ec583d0]
Event: 24.960 Thread 0x000002211f69efe0 12694       3       org.gradle.internal.io.LineBufferingOutputStream::endsWithLineSeparator (27 bytes)
Event: 24.960 Thread 0x000002211f69efe0 nmethod 12694 0x000002210ec58910 code [0x000002210ec58ac0, 0x000002210ec58c60]
Event: 24.962 Thread 0x000002211f69efe0 12695       1       org.gradle.internal.logging.events.RenderableOutputEvent::getBuildOperationId (5 bytes)
Event: 24.962 Thread 0x000002211f69efe0 nmethod 12695 0x000002211551f410 code [0x000002211551f5a0, 0x000002211551f668]

GC Heap History (20 events):
Event: 3.031 GC heap before
{Heap before GC invocations=2 (full 0):
 garbage-first heap   total 262144K, used 107349K [0x00000000e0000000, 0x0000000100000000)
  region size 1024K, 95 young (97280K), 1 survivors (1024K)
 Metaspace       used 19579K, committed 20288K, reserved 393216K
  class space    used 2884K, committed 3200K, reserved 327680K
}
Event: 3.037 GC heap after
{Heap after GC invocations=3 (full 0):
 garbage-first heap   total 262144K, used 21655K [0x00000000e0000000, 0x0000000100000000)
  region size 1024K, 12 young (12288K), 12 survivors (12288K)
 Metaspace       used 19579K, committed 20288K, reserved 393216K
  class space    used 2884K, committed 3200K, reserved 327680K
}
Event: 3.151 GC heap before
{Heap before GC invocations=3 (full 0):
 garbage-first heap   total 262144K, used 28823K [0x00000000e0000000, 0x0000000100000000)
  region size 1024K, 20 young (20480K), 12 survivors (12288K)
 Metaspace       used 20853K, committed 21504K, reserved 393216K
  class space    used 3082K, committed 3392K, reserved 327680K
}
Event: 3.155 GC heap after
{Heap after GC invocations=4 (full 0):
 garbage-first heap   total 262144K, used 23353K [0x00000000e0000000, 0x0000000100000000)
  region size 1024K, 2 young (2048K), 2 survivors (2048K)
 Metaspace       used 20853K, committed 21504K, reserved 393216K
  class space    used 3082K, committed 3392K, reserved 327680K
}
Event: 4.619 GC heap before
{Heap before GC invocations=5 (full 0):
 garbage-first heap   total 262144K, used 135993K [0x00000000e0000000, 0x0000000100000000)
  region size 1024K, 111 young (113664K), 2 survivors (2048K)
 Metaspace       used 34341K, committed 35520K, reserved 393216K
  class space    used 4878K, committed 5440K, reserved 327680K
}
Event: 4.627 GC heap after
{Heap after GC invocations=6 (full 0):
 garbage-first heap   total 262144K, used 30838K [0x00000000e0000000, 0x0000000100000000)
  region size 1024K, 9 young (9216K), 9 survivors (9216K)
 Metaspace       used 34341K, committed 35520K, reserved 393216K
  class space    used 4878K, committed 5440K, reserved 327680K
}
Event: 4.673 GC heap before
{Heap before GC invocations=6 (full 0):
 garbage-first heap   total 262144K, used 33910K [0x00000000e0000000, 0x0000000100000000)
  region size 1024K, 13 young (13312K), 9 survivors (9216K)
 Metaspace       used 34805K, committed 36096K, reserved 393216K
  class space    used 4974K, committed 5632K, reserved 327680K
}
Event: 4.678 GC heap after
{Heap after GC invocations=7 (full 0):
 garbage-first heap   total 262144K, used 30794K [0x00000000e0000000, 0x0000000100000000)
  region size 1024K, 9 young (9216K), 9 survivors (9216K)
 Metaspace       used 34805K, committed 36096K, reserved 393216K
  class space    used 4974K, committed 5632K, reserved 327680K
}
Event: 4.706 GC heap before
{Heap before GC invocations=7 (full 0):
 garbage-first heap   total 262144K, used 33866K [0x00000000e0000000, 0x0000000100000000)
  region size 1024K, 13 young (13312K), 9 survivors (9216K)
 Metaspace       used 35142K, committed 36416K, reserved 393216K
  class space    used 5024K, committed 5632K, reserved 327680K
}
Event: 4.710 GC heap after
{Heap after GC invocations=8 (full 0):
 garbage-first heap   total 262144K, used 30671K [0x00000000e0000000, 0x0000000100000000)
  region size 1024K, 9 young (9216K), 9 survivors (9216K)
 Metaspace       used 35142K, committed 36416K, reserved 393216K
  class space    used 5024K, committed 5632K, reserved 327680K
}
Event: 6.694 GC heap before
{Heap before GC invocations=9 (full 0):
 garbage-first heap   total 262144K, used 178127K [0x00000000e0000000, 0x0000000100000000)
  region size 1024K, 153 young (156672K), 9 survivors (9216K)
 Metaspace       used 49947K, committed 51456K, reserved 393216K
  class space    used 6999K, committed 7744K, reserved 327680K
}
Event: 6.707 GC heap after
{Heap after GC invocations=10 (full 0):
 garbage-first heap   total 262144K, used 43705K [0x00000000e0000000, 0x0000000100000000)
  region size 1024K, 20 young (20480K), 20 survivors (20480K)
 Metaspace       used 49947K, committed 51456K, reserved 393216K
  class space    used 6999K, committed 7744K, reserved 327680K
}
Event: 8.576 GC heap before
{Heap before GC invocations=10 (full 0):
 garbage-first heap   total 262144K, used 166585K [0x00000000e0000000, 0x0000000100000000)
  region size 1024K, 129 young (132096K), 20 survivors (20480K)
 Metaspace       used 59158K, committed 60800K, reserved 393216K
  class space    used 8352K, committed 9152K, reserved 327680K
}
Event: 8.592 GC heap after
{Heap after GC invocations=11 (full 0):
 garbage-first heap   total 262144K, used 70365K [0x00000000e0000000, 0x0000000100000000)
  region size 1024K, 14 young (14336K), 14 survivors (14336K)
 Metaspace       used 59158K, committed 60800K, reserved 393216K
  class space    used 8352K, committed 9152K, reserved 327680K
}
Event: 8.726 GC heap before
{Heap before GC invocations=11 (full 0):
 garbage-first heap   total 262144K, used 75485K [0x00000000e0000000, 0x0000000100000000)
  region size 1024K, 20 young (20480K), 14 survivors (14336K)
 Metaspace       used 59460K, committed 61120K, reserved 393216K
  class space    used 8398K, committed 9216K, reserved 327680K
}
Event: 8.734 GC heap after
{Heap after GC invocations=12 (full 0):
 garbage-first heap   total 262144K, used 72570K [0x00000000e0000000, 0x0000000100000000)
  region size 1024K, 2 young (2048K), 2 survivors (2048K)
 Metaspace       used 59460K, committed 61120K, reserved 393216K
  class space    used 8398K, committed 9216K, reserved 327680K
}
Event: 10.977 GC heap before
{Heap before GC invocations=13 (full 0):
 garbage-first heap   total 262144K, used 226170K [0x00000000e0000000, 0x0000000100000000)
  region size 1024K, 152 young (155648K), 2 survivors (2048K)
 Metaspace       used 70445K, committed 72448K, reserved 393216K
  class space    used 10106K, committed 11072K, reserved 327680K
}
Event: 10.983 GC heap after
{Heap after GC invocations=14 (full 0):
 garbage-first heap   total 262144K, used 80083K [0x00000000e0000000, 0x0000000100000000)
  region size 1024K, 10 young (10240K), 10 survivors (10240K)
 Metaspace       used 70445K, committed 72448K, reserved 393216K
  class space    used 10106K, committed 11072K, reserved 327680K
}
Event: 15.813 GC heap before
{Heap before GC invocations=14 (full 0):
 garbage-first heap   total 262144K, used 225491K [0x00000000e0000000, 0x0000000100000000)
  region size 1024K, 153 young (156672K), 10 survivors (10240K)
 Metaspace       used 78014K, committed 80064K, reserved 458752K
  class space    used 11129K, committed 12160K, reserved 327680K
}
Event: 15.828 GC heap after
{Heap after GC invocations=15 (full 0):
 garbage-first heap   total 262144K, used 90951K [0x00000000e0000000, 0x0000000100000000)
  region size 1024K, 20 young (20480K), 20 survivors (20480K)
 Metaspace       used 78014K, committed 80064K, reserved 458752K
  class space    used 11129K, committed 12160K, reserved 327680K
}

Dll operation events (17 events):
Event: 0.007 Loaded shared library C:\Program Files\Eclipse Adoptium\jdk-21.0.10.7-hotspot\bin\java.dll
Event: 0.034 Loaded shared library C:\Program Files\Eclipse Adoptium\jdk-21.0.10.7-hotspot\bin\jsvml.dll
Event: 0.066 Loaded shared library C:\Program Files\Eclipse Adoptium\jdk-21.0.10.7-hotspot\bin\zip.dll
Event: 0.069 Loaded shared library C:\Program Files\Eclipse Adoptium\jdk-21.0.10.7-hotspot\bin\instrument.dll
Event: 0.072 Loaded shared library C:\Program Files\Eclipse Adoptium\jdk-21.0.10.7-hotspot\bin\net.dll
Event: 0.073 Loaded shared library C:\Program Files\Eclipse Adoptium\jdk-21.0.10.7-hotspot\bin\nio.dll
Event: 0.076 Loaded shared library C:\Program Files\Eclipse Adoptium\jdk-21.0.10.7-hotspot\bin\zip.dll
Event: 0.287 Loaded shared library C:\Program Files\Eclipse Adoptium\jdk-21.0.10.7-hotspot\bin\jimage.dll
Event: 0.364 Loaded shared library C:\Program Files\Eclipse Adoptium\jdk-21.0.10.7-hotspot\bin\verify.dll
Event: 0.516 Loaded shared library C:\Users\super\.gradle\native\68d5fa5c4cc2d200863cafc0d521ce42e7d3e7ee720ec0a83991735586a16f82\windows-amd64\native-platform.dll
Event: 0.520 Loaded shared library C:\Users\super\.gradle\native\e376f236ea51e6404a007f0833ffe2c6e607c4080706a723a18a27aeea778392\windows-amd64\native-platform-file-events.dll
Event: 1.401 Loaded shared library C:\Program Files\Eclipse Adoptium\jdk-21.0.10.7-hotspot\bin\management.dll
Event: 1.403 Loaded shared library C:\Program Files\Eclipse Adoptium\jdk-21.0.10.7-hotspot\bin\management_ext.dll
Event: 1.578 Loaded shared library C:\Program Files\Eclipse Adoptium\jdk-21.0.10.7-hotspot\bin\extnet.dll
Event: 1.663 Loaded shared library C:\Program Files\Eclipse Adoptium\jdk-21.0.10.7-hotspot\bin\sunmscapi.dll
Event: 15.924 Loaded shared library C:\Users\super\AppData\Local\Temp\native-platform16108417162062089091dir\native-platform.dll
Event: 16.521 Loaded shared library C:\Program Files\Eclipse Adoptium\jdk-21.0.10.7-hotspot\bin\rmi.dll

Deoptimization events (20 events):
Event: 24.642 Thread 0x000002213d893740 DEOPT PACKING pc=0x000002210ec2978b sp=0x000000f23b9f7e00
Event: 24.642 Thread 0x000002213d893740 DEOPT UNPACKING pc=0x00000221148b4bc2 sp=0x000000f23b9f72e8 mode 0
Event: 24.834 Thread 0x000002213d893740 Uncommon trap: trap_request=0xffffff45 fr.pc=0x000002211504a100 relative=0x00000000000003a0
Event: 24.834 Thread 0x000002213d893740 Uncommon trap: reason=unstable_if action=reinterpret pc=0x000002211504a100 method=java.lang.StringLatin1.compareToCI([B[B)I @ 68 c2
Event: 24.834 Thread 0x000002213d893740 DEOPT PACKING pc=0x000002211504a100 sp=0x000000f23b9f9730
Event: 24.834 Thread 0x000002213d893740 DEOPT UNPACKING pc=0x00000221148b4422 sp=0x000000f23b9f9400 mode 2
Event: 24.834 Thread 0x000002213d893740 DEOPT PACKING pc=0x000002210e9c4812 sp=0x000000f23b9f9580
Event: 24.834 Thread 0x000002213d893740 DEOPT UNPACKING pc=0x00000221148b4bc2 sp=0x000000f23b9f8a48 mode 0
Event: 24.834 Thread 0x000002213d893740 DEOPT PACKING pc=0x000002210e9c4812 sp=0x000000f23b9f9580
Event: 24.834 Thread 0x000002213d893740 DEOPT UNPACKING pc=0x00000221148b4bc2 sp=0x000000f23b9f8a48 mode 0
Event: 24.835 Thread 0x000002213d893740 DEOPT PACKING pc=0x000002210e9c4812 sp=0x000000f23b9f9580
Event: 24.835 Thread 0x000002213d893740 DEOPT UNPACKING pc=0x00000221148b4bc2 sp=0x000000f23b9f8a48 mode 0
Event: 24.835 Thread 0x000002213d893740 DEOPT PACKING pc=0x000002210e9c4812 sp=0x000000f23b9f9580
Event: 24.835 Thread 0x000002213d893740 DEOPT UNPACKING pc=0x00000221148b4bc2 sp=0x000000f23b9f8a48 mode 0
Event: 24.835 Thread 0x000002213d893740 DEOPT PACKING pc=0x000002210e9c4812 sp=0x000000f23b9f9580
Event: 24.835 Thread 0x000002213d893740 DEOPT UNPACKING pc=0x00000221148b4bc2 sp=0x000000f23b9f8a48 mode 0
Event: 24.835 Thread 0x000002213d893740 DEOPT PACKING pc=0x000002210e9c4812 sp=0x000000f23b9f95e0
Event: 24.835 Thread 0x000002213d893740 DEOPT UNPACKING pc=0x00000221148b4bc2 sp=0x000000f23b9f8aa8 mode 0
Event: 24.835 Thread 0x000002213d893740 DEOPT PACKING pc=0x000002210e9c4812 sp=0x000000f23b9f95e0
Event: 24.835 Thread 0x000002213d893740 DEOPT UNPACKING pc=0x00000221148b4bc2 sp=0x000000f23b9f8aa8 mode 0

Classes loaded (20 events):
Event: 16.665 Loading class sun/rmi/transport/DGCImpl$LeaseInfo
Event: 16.668 Loading class sun/rmi/transport/DGCImpl$LeaseInfo done
Event: 16.668 Loading class sun/rmi/transport/DGCImpl$1
Event: 16.668 Loading class sun/rmi/transport/DGCImpl$1 done
Event: 16.668 Loading class sun/rmi/transport/SequenceEntry
Event: 16.668 Loading class sun/rmi/transport/SequenceEntry done
Event: 22.994 Loading class java/util/PrimitiveIterator$OfInt
Event: 22.994 Loading class java/util/PrimitiveIterator
Event: 22.994 Loading class java/util/PrimitiveIterator done
Event: 22.994 Loading class java/util/PrimitiveIterator$OfInt done
Event: 23.121 Loading class java/util/concurrent/RecursiveAction
Event: 23.121 Loading class java/util/concurrent/RecursiveAction done
Event: 23.904 Loading class java/nio/file/StandardCopyOption
Event: 23.905 Loading class java/nio/file/StandardCopyOption done
Event: 23.905 Loading class sun/nio/fs/WindowsFileCopy
Event: 23.905 Loading class sun/nio/fs/WindowsFileCopy done
Event: 24.904 Loading class java/io/PrintWriter$1
Event: 24.904 Loading class jdk/internal/access/JavaIOPrintWriterAccess
Event: 24.904 Loading class jdk/internal/access/JavaIOPrintWriterAccess done
Event: 24.904 Loading class java/io/PrintWriter$1 done

Classes unloaded (0 events):
No events

Classes redefined (0 events):
No events

Internal exceptions (20 events):
Event: 24.549 Thread 0x000002213d893740 Exception <a 'sun/nio/fs/WindowsException'{0x00000000eaff51e0}> (0x00000000eaff51e0) 
thrown [s\src\hotspot\share\prims\jni.cpp, line 520]
Event: 24.550 Thread 0x000002213d893740 Exception <a 'sun/nio/fs/WindowsException'{0x00000000eaff5e20}> (0x00000000eaff5e20) 
thrown [s\src\hotspot\share\prims\jni.cpp, line 520]
Event: 24.550 Thread 0x000002213d893740 Exception <a 'sun/nio/fs/WindowsException'{0x00000000eaff69d8}> (0x00000000eaff69d8) 
thrown [s\src\hotspot\share\prims\jni.cpp, line 520]
Event: 24.551 Thread 0x000002213d893740 Exception <a 'sun/nio/fs/WindowsException'{0x00000000eaff7588}> (0x00000000eaff7588) 
thrown [s\src\hotspot\share\prims\jni.cpp, line 520]
Event: 24.551 Thread 0x000002213d893740 Exception <a 'sun/nio/fs/WindowsException'{0x00000000eaff8220}> (0x00000000eaff8220) 
thrown [s\src\hotspot\share\prims\jni.cpp, line 520]
Event: 24.552 Thread 0x000002213d893740 Exception <a 'sun/nio/fs/WindowsException'{0x00000000eaff8ed8}> (0x00000000eaff8ed8) 
thrown [s\src\hotspot\share\prims\jni.cpp, line 520]
Event: 24.552 Thread 0x000002213d893740 Exception <a 'sun/nio/fs/WindowsException'{0x00000000eaff9b00}> (0x00000000eaff9b00) 
thrown [s\src\hotspot\share\prims\jni.cpp, line 520]
Event: 24.553 Thread 0x000002213d893740 Exception <a 'sun/nio/fs/WindowsException'{0x00000000eaffbb28}> (0x00000000eaffbb28) 
thrown [s\src\hotspot\share\prims\jni.cpp, line 520]
Event: 24.588 Thread 0x000002213d893740 Exception <a 'sun/nio/fs/WindowsException'{0x00000000eaffc738}> (0x00000000eaffc738) 
thrown [s\src\hotspot\share\prims\jni.cpp, line 520]
Event: 24.840 Thread 0x000002213d893740 Exception <a 'java/lang/NoSuchMethodError'{0x00000000eaa38da8}: static Lorg/gradle/api/internal/tasks/compile/DaemonJavaCompiler$JavaCompilerParameters;.<clinit>()V> (0x00000000eaa38da8) 
thrown [s\src\hotspot\share\prims\jni.cpp, line 1111]
Event: 24.840 Thread 0x000002213d893740 Exception <a 'java/lang/NoSuchMethodError'{0x00000000eaa3bd08}: static Lorg/gradle/api/internal/tasks/compile/daemon/CompilerWorkerExecutor$CompilerParameters;.<clinit>()V> (0x00000000eaa3bd08) 
thrown [s\src\hotspot\share\prims\jni.cpp, line 1111]
Event: 24.841 Thread 0x000002213d893740 Exception <a 'java/lang/NoSuchMethodError'{0x00000000eaa5a968}: static Ljava/lang/Object;.<clinit>()V> (0x00000000eaa5a968) 
thrown [s\src\hotspot\share\prims\jni.cpp, line 1111]
Event: 24.842 Thread 0x000002213d893740 Exception <a 'java/lang/NoSuchMethodError'{0x00000000eaa725e8}: static Ljava/util/AbstractList;.<clinit>()V> (0x00000000eaa725e8) 
thrown [s\src\hotspot\share\prims\jni.cpp, line 1111]
Event: 24.846 Thread 0x000002213d893740 Exception <a 'java/lang/NoSuchMethodError'{0x00000000eaac7c78}: static Lorg/gradle/api/internal/tasks/compile/DefaultJavaCompileSpecFactory$DefaultForkingJavaCompileSpec;.<clinit>()V> (0x00000000eaac7c78) 
thrown [s\src\hotspot\share\prims\jni.cpp, line 1111]
Event: 24.846 Thread 0x000002213d893740 Exception <a 'java/lang/NoSuchMethodError'{0x00000000eaad0178}: static Lorg/gradle/api/internal/tasks/compile/DefaultJavaCompileSpec;.<clinit>()V> (0x00000000eaad0178) 
thrown [s\src\hotspot\share\prims\jni.cpp, line 1111]
Event: 24.846 Thread 0x000002213d893740 Exception <a 'java/lang/NoSuchMethodError'{0x00000000eaad58e8}: static Lorg/gradle/api/internal/tasks/compile/DefaultJvmLanguageCompileSpec;.<clinit>()V> (0x00000000eaad58e8) 
thrown [s\src\hotspot\share\prims\jni.cpp, line 1111]
Event: 24.852 Thread 0x000002213d893740 Exception <a 'java/lang/NoSuchMethodError'{0x00000000ea9c5920}: static Lorg/gradle/api/internal/tasks/compile/MinimalJavaCompileOptions;.<clinit>()V> (0x00000000ea9c5920) 
thrown [s\src\hotspot\share\prims\jni.cpp, line 1111]
Event: 24.855 Thread 0x000002213d893740 Exception <a 'java/lang/NoSuchMethodError'{0x00000000ea8426e0}: static Lorg/gradle/api/internal/tasks/compile/MinimalJavaCompilerDaemonForkOptions;.<clinit>()V> (0x00000000ea8426e0) 
thrown [s\src\hotspot\share\prims\jni.cpp, line 1111]
Event: 24.855 Thread 0x000002213d893740 Exception <a 'java/lang/NoSuchMethodError'{0x00000000ea8450a0}: static Lorg/gradle/api/internal/tasks/compile/MinimalCompilerDaemonForkOptions;.<clinit>()V> (0x00000000ea8450a0) 
thrown [s\src\hotspot\share\prims\jni.cpp, line 1111]
Event: 24.908 Thread 0x000002213d893740 Exception <a 'java/lang/NoSuchMethodError'{0x00000000ea582668}: static Lorg/gradle/process/internal/worker/request/WorkerAction;.<clinit>()V> (0x00000000ea582668) 
thrown [s\src\hotspot\share\prims\jni.cpp, line 1111]

ZGC Phase Switch (0 events):
No events

VM Operations (20 events):
Event: 17.836 Executing safepoint VM operation: Cleanup
Event: 17.836 Executing safepoint VM operation: Cleanup done
Event: 18.837 Executing safepoint VM operation: Cleanup
Event: 18.837 Executing safepoint VM operation: Cleanup done
Event: 21.839 Executing safepoint VM operation: Cleanup
Event: 21.839 Executing safepoint VM operation: Cleanup done
Event: 22.796 Executing non-safepoint VM operation: HandshakeAllThreads (Deoptimize)
Event: 22.796 Executing non-safepoint VM operation: HandshakeAllThreads (Deoptimize) done
Event: 22.797 Executing non-safepoint VM operation: HandshakeAllThreads (Deoptimize)
Event: 22.797 Executing non-safepoint VM operation: HandshakeAllThreads (Deoptimize) done
Event: 22.799 Executing non-safepoint VM operation: HandshakeAllThreads (Deoptimize)
Event: 22.799 Executing non-safepoint VM operation: HandshakeAllThreads (Deoptimize) done
Event: 22.822 Executing non-safepoint VM operation: HandshakeAllThreads (Deoptimize)
Event: 22.822 Executing non-safepoint VM operation: HandshakeAllThreads (Deoptimize) done
Event: 23.051 Executing safepoint VM operation: ICBufferFull
Event: 23.051 Executing safepoint VM operation: ICBufferFull done
Event: 24.899 Executing non-safepoint VM operation: HandshakeAllThreads (Deoptimize)
Event: 24.899 Executing non-safepoint VM operation: HandshakeAllThreads (Deoptimize) done
Event: 24.899 Executing safepoint VM operation: Cleanup
Event: 24.900 Executing safepoint VM operation: Cleanup done

Memory protections (0 events):
No events

Nmethod flushes (20 events):
Event: 8.770 Thread 0x000002211f66e5b0 flushing  nmethod 0x000002210d66bb10
Event: 8.770 Thread 0x000002211f66e5b0 flushing  nmethod 0x000002210d66bf90
Event: 8.770 Thread 0x000002211f66e5b0 flushing  nmethod 0x000002210d67f290
Event: 8.770 Thread 0x000002211f66e5b0 flushing  nmethod 0x000002210d67f990
Event: 8.770 Thread 0x000002211f66e5b0 flushing  nmethod 0x000002210d6c8790
Event: 8.770 Thread 0x000002211f66e5b0 flushing  nmethod 0x000002210d725690
Event: 8.770 Thread 0x000002211f66e5b0 flushing  nmethod 0x000002210d74e690
Event: 8.770 Thread 0x000002211f66e5b0 flushing  nmethod 0x000002210d752210
Event: 8.770 Thread 0x000002211f66e5b0 flushing  nmethod 0x000002210d7cd390
Event: 8.770 Thread 0x000002211f66e5b0 flushing  nmethod 0x000002210d816910
Event: 8.770 Thread 0x000002211f66e5b0 flushing  nmethod 0x000002210d822a90
Event: 8.770 Thread 0x000002211f66e5b0 flushing  nmethod 0x000002210d91e310
Event: 8.770 Thread 0x000002211f66e5b0 flushing  nmethod 0x000002210d922810
Event: 8.770 Thread 0x000002211f66e5b0 flushing  nmethod 0x000002210d92fb10
Event: 8.770 Thread 0x000002211f66e5b0 flushing  nmethod 0x000002210d9eb090
Event: 8.770 Thread 0x000002211f66e5b0 flushing  nmethod 0x000002210d9eb710
Event: 8.770 Thread 0x000002211f66e5b0 flushing  nmethod 0x000002210da16010
Event: 8.770 Thread 0x000002211f66e5b0 flushing  nmethod 0x000002210da5d990
Event: 8.770 Thread 0x000002211f66e5b0 flushing  nmethod 0x000002210da72090
Event: 8.770 Thread 0x000002211f66e5b0 flushing  nmethod 0x000002210da7ac10

Events (20 events):
Event: 16.425 Thread 0x000002213c1018e0 Thread exited: 0x000002213c1018e0
Event: 16.515 Thread 0x000002213c0a81c0 Thread added: 0x000002213d566ce0
Event: 16.520 Thread 0x000002213c0a81c0 Thread added: 0x000002213d565fc0
Event: 16.522 Thread 0x000002213c0a81c0 Thread added: 0x000002213d564c10
Event: 16.573 Thread 0x000002213c0a81c0 Thread added: 0x000002213d565930
Event: 16.573 Thread 0x000002213c0a81c0 Thread added: 0x000002213d566650
Event: 16.658 Thread 0x000002213d565930 Thread added: 0x000002213d567370
Event: 17.157 Thread 0x000002213d194e50 Thread exited: 0x000002213d194e50
Event: 22.827 Thread 0x000002211f69efe0 Thread added: 0x000002213d194e50
Event: 22.953 Thread 0x000002213d893740 Thread added: 0x000002213d5652a0
Event: 23.016 Thread 0x000002213d893740 Thread added: 0x000002213d567a00
Event: 23.016 Thread 0x000002213d893740 Thread added: 0x000002213d568090
Event: 23.016 Thread 0x000002213d893740 Thread added: 0x000002213d922d80
Event: 23.017 Thread 0x000002213d893740 Thread added: 0x000002213d920cb0
Event: 23.017 Thread 0x000002213d893740 Thread added: 0x000002213d9219d0
Event: 23.442 Thread 0x000002213d194e50 Thread exited: 0x000002213d194e50
Event: 24.894 Thread 0x000002213d893740 Thread added: 0x000002213d923aa0
Event: 24.917 Thread 0x000002213d895ea0 Thread added: 0x000002213d923410
Event: 24.917 Thread 0x000002213d895ea0 Thread added: 0x000002213d921340
Event: 24.917 Thread 0x000002213d923410 Thread exited: 0x000002213d923410


Dynamic libraries:
0x00007ff7d9160000 - 0x00007ff7d916e000 	C:\Program Files\Eclipse Adoptium\jdk-21.0.10.7-hotspot\bin\java.exe
0x00007ffc1ef70000 - 0x00007ffc1f168000 	C:\WINDOWS\SYSTEM32\ntdll.dll
0x00007ffc1e530000 - 0x00007ffc1e5f2000 	C:\WINDOWS\System32\KERNEL32.DLL
0x00007ffc1c910000 - 0x00007ffc1cc07000 	C:\WINDOWS\System32\KERNELBASE.dll
0x00007ffc1c620000 - 0x00007ffc1c720000 	C:\WINDOWS\System32\ucrtbase.dll
0x00007ffc19420000 - 0x00007ffc1943e000 	C:\Program Files\Eclipse Adoptium\jdk-21.0.10.7-hotspot\bin\VCRUNTIME140.dll
0x00007ffc19440000 - 0x00007ffc19458000 	C:\Program Files\Eclipse Adoptium\jdk-21.0.10.7-hotspot\bin\jli.dll
0x00007ffc1e360000 - 0x00007ffc1e4fd000 	C:\WINDOWS\System32\USER32.dll
0x00007ffc1c5f0000 - 0x00007ffc1c612000 	C:\WINDOWS\System32\win32u.dll
0x00007ffc1e6a0000 - 0x00007ffc1e6cb000 	C:\WINDOWS\System32\GDI32.dll
0x00007ffc1c7f0000 - 0x00007ffc1c90a000 	C:\WINDOWS\System32\gdi32full.dll
0x00007ffc1c720000 - 0x00007ffc1c7bd000 	C:\WINDOWS\System32\msvcp_win.dll
0x00007ffbfd690000 - 0x00007ffbfd92b000 	C:\WINDOWS\WinSxS\amd64_microsoft.windows.common-controls_6595b64144ccf1df_6.0.19041.6926_none_60b5a53971f8f7e6\COMCTL32.dll
0x00007ffc1e600000 - 0x00007ffc1e69e000 	C:\WINDOWS\System32\msvcrt.dll
0x00007ffc1d820000 - 0x00007ffc1d84f000 	C:\WINDOWS\System32\IMM32.DLL
0x00007ffbfc7f0000 - 0x00007ffbfc7fc000 	C:\Program Files\Eclipse Adoptium\jdk-21.0.10.7-hotspot\bin\vcruntime140_1.dll
0x00007ffbed910000 - 0x00007ffbed99d000 	C:\Program Files\Eclipse Adoptium\jdk-21.0.10.7-hotspot\bin\msvcp140.dll
0x00007ffb95020000 - 0x00007ffb95dc1000 	C:\Program Files\Eclipse Adoptium\jdk-21.0.10.7-hotspot\bin\server\jvm.dll
0x00007ffc1e950000 - 0x00007ffc1ea01000 	C:\WINDOWS\System32\ADVAPI32.dll
0x00007ffc1e260000 - 0x00007ffc1e2ff000 	C:\WINDOWS\System32\sechost.dll
0x00007ffc1e7b0000 - 0x00007ffc1e8d6000 	C:\WINDOWS\System32\RPCRT4.dll
0x00007ffc1c7c0000 - 0x00007ffc1c7e7000 	C:\WINDOWS\System32\bcrypt.dll
0x00007ffc1ddf0000 - 0x00007ffc1de5b000 	C:\WINDOWS\System32\WS2_32.dll
0x00007ffc1bb40000 - 0x00007ffc1bb8b000 	C:\WINDOWS\SYSTEM32\POWRPROF.dll
0x00007ffc15260000 - 0x00007ffc1526a000 	C:\WINDOWS\SYSTEM32\VERSION.dll
0x00007ffc0e9d0000 - 0x00007ffc0e9f7000 	C:\WINDOWS\SYSTEM32\WINMM.dll
0x00007ffc1b9c0000 - 0x00007ffc1b9d2000 	C:\WINDOWS\SYSTEM32\UMPDC.dll
0x00007ffc1a490000 - 0x00007ffc1a4a2000 	C:\WINDOWS\SYSTEM32\kernel.appcore.dll
0x00007ffbfc7e0000 - 0x00007ffbfc7ea000 	C:\Program Files\Eclipse Adoptium\jdk-21.0.10.7-hotspot\bin\jimage.dll
0x00007ffc062e0000 - 0x00007ffc064e1000 	C:\WINDOWS\SYSTEM32\DBGHELP.DLL
0x00007ffbf78a0000 - 0x00007ffbf78d4000 	C:\WINDOWS\SYSTEM32\dbgcore.DLL
0x00007ffc1ce20000 - 0x00007ffc1cea2000 	C:\WINDOWS\System32\bcryptPrimitives.dll
0x00007ffbf2f80000 - 0x00007ffbf2f8f000 	C:\Program Files\Eclipse Adoptium\jdk-21.0.10.7-hotspot\bin\instrument.dll
0x00007ffbf5ee0000 - 0x00007ffbf5f00000 	C:\Program Files\Eclipse Adoptium\jdk-21.0.10.7-hotspot\bin\java.dll
0x00007ffc1cf80000 - 0x00007ffc1d6f1000 	C:\WINDOWS\System32\SHELL32.dll
0x00007ffc1a690000 - 0x00007ffc1ae36000 	C:\WINDOWS\SYSTEM32\windows.storage.dll
0x00007ffc1ea20000 - 0x00007ffc1ed73000 	C:\WINDOWS\System32\combase.dll
0x00007ffc1c020000 - 0x00007ffc1c04b000 	C:\WINDOWS\SYSTEM32\Wldp.dll
0x00007ffc1de60000 - 0x00007ffc1df2d000 	C:\WINDOWS\System32\OLEAUT32.dll
0x00007ffc1df90000 - 0x00007ffc1e03d000 	C:\WINDOWS\System32\SHCORE.dll
0x00007ffc1e200000 - 0x00007ffc1e25b000 	C:\WINDOWS\System32\shlwapi.dll
0x00007ffc1c520000 - 0x00007ffc1c544000 	C:\WINDOWS\SYSTEM32\profapi.dll
0x00007ffbdb180000 - 0x00007ffbdb257000 	C:\Program Files\Eclipse Adoptium\jdk-21.0.10.7-hotspot\bin\jsvml.dll
0x00007ffbf5e00000 - 0x00007ffbf5e18000 	C:\Program Files\Eclipse Adoptium\jdk-21.0.10.7-hotspot\bin\zip.dll
0x00007ffbfbe90000 - 0x00007ffbfbea0000 	C:\Program Files\Eclipse Adoptium\jdk-21.0.10.7-hotspot\bin\net.dll
0x00007ffc15410000 - 0x00007ffc1551a000 	C:\WINDOWS\SYSTEM32\WINHTTP.dll
0x00007ffc1bd50000 - 0x00007ffc1bdba000 	C:\WINDOWS\system32\mswsock.dll
0x00007ffbf5e20000 - 0x00007ffbf5e36000 	C:\Program Files\Eclipse Adoptium\jdk-21.0.10.7-hotspot\bin\nio.dll
0x00007ffbf5ed0000 - 0x00007ffbf5ee0000 	C:\Program Files\Eclipse Adoptium\jdk-21.0.10.7-hotspot\bin\verify.dll
0x00007ffbf2eb0000 - 0x00007ffbf2ed7000 	C:\Users\super\.gradle\native\68d5fa5c4cc2d200863cafc0d521ce42e7d3e7ee720ec0a83991735586a16f82\windows-amd64\native-platform.dll
0x00007ffbdaee0000 - 0x00007ffbdb024000 	C:\Users\super\.gradle\native\e376f236ea51e6404a007f0833ffe2c6e607c4080706a723a18a27aeea778392\windows-amd64\native-platform-file-events.dll
0x00007ffbf5df0000 - 0x00007ffbf5dfa000 	C:\Program Files\Eclipse Adoptium\jdk-21.0.10.7-hotspot\bin\management.dll
0x00007ffbf4d10000 - 0x00007ffbf4d1c000 	C:\Program Files\Eclipse Adoptium\jdk-21.0.10.7-hotspot\bin\management_ext.dll
0x00007ffc1e940000 - 0x00007ffc1e948000 	C:\WINDOWS\System32\PSAPI.DLL
0x00007ffc1bf80000 - 0x00007ffc1bf98000 	C:\WINDOWS\SYSTEM32\CRYPTSP.dll
0x00007ffc1b600000 - 0x00007ffc1b638000 	C:\WINDOWS\system32\rsaenh.dll
0x00007ffc1c4a0000 - 0x00007ffc1c4ce000 	C:\WINDOWS\SYSTEM32\USERENV.dll
0x00007ffc1bf70000 - 0x00007ffc1bf7c000 	C:\WINDOWS\SYSTEM32\CRYPTBASE.dll
0x00007ffc1b9e0000 - 0x00007ffc1ba1b000 	C:\WINDOWS\SYSTEM32\IPHLPAPI.DLL
0x00007ffc1ea10000 - 0x00007ffc1ea18000 	C:\WINDOWS\System32\NSI.dll
0x00007ffbf4830000 - 0x00007ffbf4839000 	C:\Program Files\Eclipse Adoptium\jdk-21.0.10.7-hotspot\bin\extnet.dll
0x00007ffbf2f70000 - 0x00007ffbf2f7e000 	C:\Program Files\Eclipse Adoptium\jdk-21.0.10.7-hotspot\bin\sunmscapi.dll
0x00007ffc1ccc0000 - 0x00007ffc1ce1d000 	C:\WINDOWS\System32\CRYPT32.dll
0x00007ffc1c090000 - 0x00007ffc1c0b7000 	C:\WINDOWS\SYSTEM32\ncrypt.dll
0x00007ffc1c050000 - 0x00007ffc1c08b000 	C:\WINDOWS\SYSTEM32\NTASN1.dll
0x00007ffbc7140000 - 0x00007ffbc7147000 	C:\WINDOWS\system32\wshunix.dll
0x00007ffbd5780000 - 0x00007ffbd5797000 	C:\WINDOWS\system32\napinsp.dll
0x00007ffbd4d20000 - 0x00007ffbd4d3b000 	C:\WINDOWS\system32\pnrpnsp.dll
0x00007ffc16ed0000 - 0x00007ffc16eed000 	C:\WINDOWS\system32\wshbth.dll
0x00007ffc19080000 - 0x00007ffc1909d000 	C:\WINDOWS\system32\NLAapi.dll
0x00007ffc1ba20000 - 0x00007ffc1baea000 	C:\WINDOWS\SYSTEM32\DNSAPI.dll
0x00007ffbce870000 - 0x00007ffbce882000 	C:\WINDOWS\System32\winrnr.dll
0x00007ffc15930000 - 0x00007ffc1593a000 	C:\Windows\System32\rasadhlp.dll
0x00007ffbfac70000 - 0x00007ffbfacf0000 	C:\WINDOWS\System32\fwpuclnt.dll
0x00007ffbed8b0000 - 0x00007ffbed8ce000 	C:\Users\super\AppData\Local\Temp\native-platform16108417162062089091dir\native-platform.dll
0x00007ffbeec30000 - 0x00007ffbeec37000 	C:\Program Files\Eclipse Adoptium\jdk-21.0.10.7-hotspot\bin\rmi.dll

JVMTI agents:
C:\Users\super\.gradle\wrapper\dists\gradle-8.1.1-bin\9wiye5v2saajue4irfo8ybqfp\gradle-8.1.1\lib\agents\gradle-instrumentation-agent-8.1.1.jar path:C:\Program Files\Eclipse Adoptium\jdk-21.0.10.7-hotspot\bin\instrument.dll, loaded, initialized, instrumentlib options:none

dbghelp: loaded successfully - version: 4.0.5 - missing functions: none
symbol engine: initialized successfully - sym options: 0x614 - pdb path: .;C:\Program Files\Eclipse Adoptium\jdk-21.0.10.7-hotspot\bin;C:\WINDOWS\SYSTEM32;C:\WINDOWS\WinSxS\amd64_microsoft.windows.common-controls_6595b64144ccf1df_6.0.19041.6926_none_60b5a53971f8f7e6;C:\Program Files\Eclipse Adoptium\jdk-21.0.10.7-hotspot\bin\server;C:\Users\super\.gradle\native\68d5fa5c4cc2d200863cafc0d521ce42e7d3e7ee720ec0a83991735586a16f82\windows-amd64;C:\Users\super\.gradle\native\e376f236ea51e6404a007f0833ffe2c6e607c4080706a723a18a27aeea778392\windows-amd64;C:\Users\super\AppData\Local\Temp\native-platform16108417162062089091dir

VM Arguments:
jvm_args: --add-opens=java.base/java.util=ALL-UNNAMED --add-opens=java.base/java.lang=ALL-UNNAMED --add-opens=java.base/java.lang.invoke=ALL-UNNAMED --add-opens=java.prefs/java.util.prefs=ALL-UNNAMED --add-opens=java.base/java.nio.charset=ALL-UNNAMED --add-opens=java.base/java.net=ALL-UNNAMED --add-opens=java.base/java.util.concurrent.atomic=ALL-UNNAMED -XX:MaxMetaspaceSize=384m -XX:+HeapDumpOnOutOfMemoryError -Xms256m -Xmx512m -Dfile.encoding=UTF-8 -Duser.country=US -Duser.language=en -Duser.variant -javaagent:C:\Users\super\.gradle\wrapper\dists\gradle-8.1.1-bin\9wiye5v2saajue4irfo8ybqfp\gradle-8.1.1\lib\agents\gradle-instrumentation-agent-8.1.1.jar 
java_command: org.gradle.launcher.daemon.bootstrap.GradleDaemon 8.1.1
java_class_path (initial): C:\Users\super\.gradle\wrapper\dists\gradle-8.1.1-bin\9wiye5v2saajue4irfo8ybqfp\gradle-8.1.1\lib\gradle-launcher-8.1.1.jar
Launcher Type: SUN_STANDARD

[Global flags]
     intx CICompilerCount                          = 3                                         {product} {ergonomic}
   size_t CompressedClassSpaceSize                 = 335544320                                 {product} {ergonomic}
     uint ConcGCThreads                            = 2                                         {product} {ergonomic}
     uint G1ConcRefinementThreads                  = 6                                         {product} {ergonomic}
   size_t G1HeapRegionSize                         = 1048576                                   {product} {ergonomic}
    uintx GCDrainStackTargetSize                   = 64                                        {product} {ergonomic}
     bool HeapDumpOnOutOfMemoryError               = true                                   {manageable} {command line}
   size_t InitialHeapSize                          = 268435456                                 {product} {command line}
   size_t MarkStackSize                            = 4194304                                   {product} {ergonomic}
   size_t MaxHeapSize                              = 536870912                                 {product} {command line}
   size_t MaxMetaspaceSize                         = 402653184                                 {product} {command line}
   size_t MaxNewSize                               = 321912832                                 {product} {ergonomic}
   size_t MinHeapDeltaBytes                        = 1048576                                   {product} {ergonomic}
   size_t MinHeapSize                              = 268435456                                 {product} {command line}
    uintx NonNMethodCodeHeapSize                   = 5832780                                {pd product} {ergonomic}
    uintx NonProfiledCodeHeapSize                  = 122912730                              {pd product} {ergonomic}
    uintx ProfiledCodeHeapSize                     = 122912730                              {pd product} {ergonomic}
    uintx ReservedCodeCacheSize                    = 251658240                              {pd product} {ergonomic}
     bool SegmentedCodeCache                       = true                                      {product} {ergonomic}
   size_t SoftMaxHeapSize                          = 536870912                              {manageable} {ergonomic}
     bool UseCompressedOops                        = true                           {product lp64_product} {ergonomic}
     bool UseG1GC                                  = true                                      {product} {ergonomic}
     bool UseLargePagesIndividualAllocation        = false                                  {pd product} {ergonomic}

Logging:
Log output configuration:
 #0: stdout all=warning uptime,level,tags foldmultilines=false
 #1: stderr all=off uptime,level,tags foldmultilines=false

Release file:
IMPLEMENTOR="Eclipse Adoptium" 
IMPLEMENTOR_VERSION="Temurin-21.0.10+7" 
JAVA_RUNTIME_VERSION="21.0.10+7-LTS" 
JAVA_VERSION="21.0.10" 
JAVA_VERSION_DATE="2026-01-20" 
LIBC="default" 
MODULES="java.base java.compiler java.datatransfer java.xml java.prefs java.desktop java.instrument java.logging java.management java.security.sasl java.naming java.rmi java.management.rmi java.net.http java.scripting java.security.jgss java.transaction.xa java.sql java.sql.rowset java.xml.crypto java.se java.smartcardio jdk.accessibility jdk.internal.jvmstat jdk.attach jdk.charsets jdk.internal.opt jdk.zipfs jdk.compiler jdk.crypto.ec jdk.crypto.cryptoki jdk.crypto.mscapi jdk.dynalink jdk.internal.ed jdk.editpad jdk.hotspot.agent jdk.httpserver jdk.incubator.vector jdk.internal.le jdk.internal.vm.ci jdk.internal.vm.compiler jdk.internal.vm.compiler.management jdk.jartool jdk.javadoc jdk.jcmd jdk.management jdk.management.agent jdk.jconsole jdk.jdeps jdk.jdwp.agent jdk.jdi jdk.jfr jdk.jlink jdk.jpackage jdk.jshell jdk.jsobject jdk.jstatd jdk.localedata jdk.management.jfr jdk.naming.dns jdk.naming.rmi jdk.net jdk.nio.mapmode jdk.random jdk.sctp jdk.security.auth jdk.security.jgss jdk.unsupported jdk.unsupported.desktop jdk.xml.dom" 
OS_ARCH="x86_64" 
OS_NAME="Windows" 
SOURCE=".:git:a633eafe0fcc" 
BUILD_SOURCE="git:458965074606f027bd5afce2cfd5c1055dea0438"
BUILD_SOURCE_REPO="https://github.com/adoptium/temurin-build.git"
SOURCE_REPO="https://github.com/adoptium/jdk21u.git"
FULL_VERSION="21.0.10+7-LTS"
SEMANTIC_VERSION="21.0.10+7"
BUILD_INFO="OS: Windows Server 2022 Version: 10.0"
JVM_VARIANT="Hotspot"
JVM_VERSION="21.0.10+7-LTS"
IMAGE_TYPE="JDK"

Environment Variables:
JAVA_HOME=C:\Program Files\Eclipse Adoptium\jdk-21.0.10.7-hotspot\
CLASSPATH=D:\CodingProjects\OSRSRSPS\server\\gradle\wrapper\gradle-wrapper.jar
PATH=C:\Users\super\.codex\tmp\arg0\codex-arg00Lpfh7;C:\Program Files\Eclipse Adoptium\jdk-21.0.10.7-hotspot\bin;C:\Program Files\Eclipse Adoptium\jdk-8.0.472.8-hotspot\bin;C:\Program Files\Eclipse Adoptium\jdk-17.0.18.8-hotspot\bin;C:\Program Files (x86)\Common Files\Oracle\Java\javapath;C:\windows\system32;C:\windows;C:\windows\System32\Wbem;C:\windows\System32\WindowsPowerShell\v1.0\;C:\windows\System32\OpenSSH\;C:\Program Files (x86)\NVIDIA Corporation\PhysX\Common;C:\WINDOWS\system32;C:\WINDOWS;C:\WINDOWS\System32\Wbem;C:\WINDOWS\System32\WindowsPowerShell\v1.0\;C:\WINDOWS\System32\OpenSSH\;C:\Program Files\NVIDIA Corporation\NVIDIA NvDLISR;C:\Program Files\dotnet\;C:\Program Files\Git\cmd;C:\Program Files\nodejs\;C:\Program Files\GitHub CLI\;C:\Program Files\CMake\bin;C:\Program Files\Erlang OTP\bin;C:\Program Files (x86)\Elixir\bin;C:\Users\super\.mix\escripts;C:\Users\super\scoop\shims;C:\Users\super\AppData\Local\Programs\Python\Python312\Scripts\;C:\Users\super\AppData\Local\Programs\Python\Python312\;C:\Users\super\AppData\Local\Programs\Python\Launcher\;C:\\Users\\super\\AppData\\Local\\Blackbox\\bin;C:\Users\super\AppData\Local\Microsoft\WindowsApps;C:\Users\super\AppData\Roaming\npm;C:\Users\super\AppData\Local\Programs\Microsoft VS Code\bin;C:\Users\super\AppData\Local\Programs\Ollama;C:\Users\super\AppData\Local\Programs\cursor\resources\app\bin;C:\Users\super\AppData\Local\GitHubDesktop\bin;C:\Users\super\AppData\Local\Microsoft\WinGet\Links;C:\Users\super\AppData\Local\Programs\Windsurf\bin;C:\Users\super\AppData\Local\Programs\Antigravity\bin;C:\Users\super\AppData\Local\Microsoft\WinGet\Packages\Gyan.FFmpeg_Microsoft.Winget.Source_8wekyb3d8bbwe\ffmpeg-8.0.1-full_build\bin;C:\Users\super\.dotnet\tools;C:\Users\super\.bun\bin;C:\Users\super\AppData\Local\OpenAI\Codex\bin;C:\Program Files\WindowsApps\OpenAI.Codex_26.313.5234.0_x64__2p2nqsd0c76g0\app\resources
USERNAME=super
SHELL=C:\windows\System32\WindowsPowerShell\v1.0\powershell.exe
OS=Windows_NT
PROCESSOR_IDENTIFIER=Intel64 Family 6 Model 158 Stepping 10, GenuineIntel
TMP=C:\Users\super\AppData\Local\Temp
TEMP=C:\Users\super\AppData\Local\Temp




Periodic native trim disabled

---------------  S Y S T E M  ---------------

OS:
 Windows 10 , 64 bit Build 19041 (10.0.19041.6807)
OS uptime: 3 days 7:03 hours

CPU: total 6 (initial active 6) (6 cores per cpu, 1 threads per core) family 6 model 158 stepping 10 microcode 0xd2, cx8, cmov, fxsr, mmx, 3dnowpref, sse, sse2, sse3, ssse3, sse4.1, sse4.2, popcnt, lzcnt, tsc, tscinvbit, avx, avx2, aes, erms, clmul, bmi1, bmi2, adx, fma, vzeroupper, clflush, clflushopt, rdtscp, f16c
Processor Information for the first 6 processors :
  Max Mhz: 2904, Current Mhz: 2904, Mhz Limit: 2904

Memory: 4k page, system-wide physical 16245M (362M free)
TotalPageFile size 46612M (AvailPageFile size 308M)
current process WorkingSet (physical memory assigned to process): 490M, peak: 493M
current process commit charge ("private bytes"): 549M, peak: 551M

vm_info: OpenJDK 64-Bit Server VM (21.0.10+7-LTS) for windows-amd64 JRE (21.0.10+7-LTS), built on 2026-01-20T00:00:00Z by "admin" with MS VC++ 17.12 (VS2022)

END.
